intersect_bp,f_orig_query,f_match,f_unique_to_query,f_unique_weighted,average_abund,median_abund,std_abund,name,filename,md5,f_match_orig,unique_intersect_bp,gather_result_rank,remaining_bp,query_filename,query_name,query_md5,query_bp
1970000,0.003183843529444088,0.8343922066920796,0.003183843529444088,0.003183843529444088,,,,"GCF_000278725.1 Actinomyces sp. ICM47 strain=ICM47, AspICM47v1.0",/mnt/HDD/kia/HMP_reference/gtdb-rs207.genomic-reps.dna.k31.zip,fb153b15e56773c1525b85dbd37035e5,0.8343922066920796,1970000,0,93451000,,SRS011086.tar.bz2,909f0451,618749000
1775000,0.0028686915049559677,0.6062158469945356,0.0028686915049559677,0.0028686915049559677,,,,"GCF_000613925.1 Prevotella histicola JCM 15637 = DNF00424 strain=JCM 15637, ASM61392v1",/mnt/HDD/kia/HMP_reference/gtdb-rs207.genomic-reps.dna.k31.zip,eacfb5d41d7cf4b700ce1526b366572b,0.6062158469945356,1775000,1,91676000,,SRS011086.tar.bz2,909f0451,618749000
1718000,0.002776570143951748,0.7869903802107192,0.002776570143951748,0.002776570143951748,,,,"GCF_000785515.1 Streptococcus salivarius strain=NCTC 8618, ASM78551v1",/mnt/HDD/kia/HMP_reference/gtdb-rs207.genomic-reps.dna.k31.zip,dbd15eddd1d077ef23fe41235986f0cd,0.7869903802107192,1718000,2,89958000,,SRS011086.tar.bz2,909f0451,618749000
1706000,0.0027571761732140174,0.7915492957746478,0.002724852888651133,0.002724852888651133,,,,"GCF_000164675.2 Streptococcus parasanguinis ATCC 15912 strain=ATCC 15912, ASM16467v2",/mnt/HDD/kia/HMP_reference/gtdb-rs207.genomic-reps.dna.k31.zip,5e8b0fbe7c849c05b6e9e5e3bbf969f2,0.8009389671361502,1686000,3,88272000,,SRS011086.tar.bz2,909f0451,618749000
1660000,0.002682832618719384,0.7984607984607984,0.002682832618719384,0.002682832618719384,,,,"GCF_013393365.1 Veillonella sp. T1-7 strain=T1-7, ASM1339336v1",/mnt/HDD/kia/HMP_reference/gtdb-rs207.genomic-reps.dna.k31.zip,8d385d4c2fd4ec420452a24991b7935d,0.7984607984607984,1660000,4,86612000,,SRS011086.tar.bz2,909f0451,618749000
1772000,0.002863843012271535,0.688981288981289,0.002677984126034951,0.002677984126034951,,,,"GCF_001838165.1 Actinomyces sp. HMSC035G02 strain=HMSC035G02, ASM183816v1",/mnt/HDD/kia/HMP_reference/gtdb-rs207.genomic-reps.dna.k31.zip,cfba96eed0158d1875d572d8793e08e4,0.7367983367983368,1657000,5,84955000,,SRS011086.tar.bz2,909f0451,618749000
1656000,0.0026763679618068068,0.6201138519924099,0.0026408123487876344,0.0026408123487876344,,,,"GCF_000379965.1 Prevotella nanceiensis DSM 19126 = JCM 15639 strain=DSM 19126, ASM37996v1",/mnt/HDD/kia/HMP_reference/gtdb-rs207.genomic-reps.dna.k31.zip,9f7c7166733a37cfb1e643e24eb58fcb,0.6284629981024668,1634000,6,83321000,,SRS011086.tar.bz2,909f0451,618749000
1662000,0.0026860649471756723,0.528830313014827,0.0025939435861714526,0.0025939435861714526,,,,"GCF_000220255.1 Prevotella pallens ATCC 700821 strain=ATCC 700821, ASM22025v1",/mnt/HDD/kia/HMP_reference/gtdb-rs207.genomic-reps.dna.k31.zip,ae975e88c05929ca5d0da00e93b1b561,0.5476112026359143,1605000,7,81716000,,SRS011086.tar.bz2,909f0451,618749000
1616000,0.0026117213926810387,0.49377593360995853,0.0025002060609390885,0.0025002060609390885,,,,"GCF_000185845.1 Prevotella salivae DSM 15606 strain=DSM 15606, ASM18584v1",/mnt/HDD/kia/HMP_reference/gtdb-rs207.genomic-reps.dna.k31.zip,dff57ddcce4dd6b6a8940ac3baf34695,0.5157995531439515,1547000,8,80169000,,SRS011086.tar.bz2,909f0451,618749000
1596000,0.0025793981081181547,0.47828843106180663,0.0024387918202696084,0.0024387918202696084,,,,"GCF_000144405.1 Prevotella melaninogenica ATCC 25845 strain=ATCC 25845, ASM14440v1",/mnt/HDD/kia/HMP_reference/gtdb-rs207.genomic-reps.dna.k31.zip,33345282ddecaefe1682f1bd43bc7ffe,0.5058637083993661,1509000,9,78660000,,SRS011086.tar.bz2,909f0451,618749000
1577000,0.0025486909877834147,0.7154750244857982,0.0023612159373186865,0.0023612159373186865,,,,"GCF_002959915.1 Veillonella atypica KON strain=ATCC 17744, ASM295991v1",/mnt/HDD/kia/HMP_reference/gtdb-rs207.genomic-reps.dna.k31.zip,c64242b3a6215455e5c7b11a8f869a61,0.7722820763956905,1461000,10,77199000,,SRS011086.tar.bz2,909f0451,618749000
1473000,0.002380609908056417,0.8288184438040346,0.0023240441600713697,0.0023240441600713697,,,,"GCF_013394695.1 Streptococcus sp. oral taxon 061 strain=F0704, ASM1339469v1",/mnt/HDD/kia/HMP_reference/gtdb-rs207.genomic-reps.dna.k31.zip,13384302fbc67d015f8942c70f171b44,0.8489913544668588,1438000,11,75761000,,SRS011086.tar.bz2,909f0451,618749000
1409000,0.002277175397455188,0.7518676627534685,0.002277175397455188,0.002277175397455188,,,,"GCF_001815355.1 Haemophilus sp. HMSC068C11 strain=HMSC068C11, ASM181535v1",/mnt/HDD/kia/HMP_reference/gtdb-rs207.genomic-reps.dna.k31.zip,40a25a9955f9111a4e8de9351d72a7e8,0.7518676627534685,1409000,12,74352000,,SRS011086.tar.bz2,909f0451,618749000
1353000,0.002186670200679112,0.7677455990914254,0.002185054036450968,0.002185054036450968,,,,"GCF_001071995.1 Streptococcus sp. 263_SSPC strain=263_SSPC, ASM107199v1",/mnt/HDD/kia/HMP_reference/gtdb-rs207.genomic-reps.dna.k31.zip,1ec8a93311faab6c3547d9dd609698e7,0.768313458262351,1352000,13,73000000,,SRS011086.tar.bz2,909f0451,618749000
1618000,0.002614953721137327,0.5794183445190156,0.002092932675446748,0.002092932675446748,,,,"GCF_002959775.1 Veillonella rogosae JCM 15642 strain=JCM 15642, ASM295977v1",/mnt/HDD/kia/HMP_reference/gtdb-rs207.genomic-reps.dna.k31.zip,feec846e832a1a83918fce73cf9e3977,0.7239373601789709,1295000,14,71705000,,SRS011086.tar.bz2,909f0451,618749000
1251000,0.002021821449408403,0.48617062719127385,0.0020169729567239706,0.0020169729567239706,,,,"GCF_002763915.1 Fusobacterium pseudoperiodonticum strain=KCOM 1262, ASM276391v1",/mnt/HDD/kia/HMP_reference/gtdb-rs207.genomic-reps.dna.k31.zip,721f0b8d1f9364b1922999b37caa723b,0.48733930658356056,1248000,15,70457000,,SRS011086.tar.bz2,909f0451,618749000
1228000,0.001984649672161086,0.5305226174791392,0.0019523263875982021,0.0019523263875982021,,,,"GCF_001808955.1 Rothia sp. HMSC078H08 strain=HMSC078H08, ASM180895v1",/mnt/HDD/kia/HMP_reference/gtdb-rs207.genomic-reps.dna.k31.zip,74fd6131ca3bd446231e30bd4c48bf46,0.5393061045234958,1208000,16,69249000,,SRS011086.tar.bz2,909f0451,618749000
1201000,0.0019410132380011927,0.66280353200883,0.0019410132380011927,0.0019410132380011927,,,,"GCF_000701685.1 Gemella sanguinis ATCC 700632 strain=ATCC 700632, ASM70168v1",/mnt/HDD/kia/HMP_reference/gtdb-rs207.genomic-reps.dna.k31.zip,6c1d4a43753a1848613d449d3795d1b1,0.66280353200883,1201000,17,68048000,,SRS011086.tar.bz2,909f0451,618749000
1433000,0.0023159633389306486,0.4991568296795953,0.0019135384461227412,0.0019135384461227412,,,,"GCA_902373545.1 uncultured Actinomyces sp., MGYG-HGUT-01285",/mnt/HDD/kia/HMP_reference/gtdb-rs207.genomic-reps.dna.k31.zip,4b53f31fad140e2cc45d431cb2803eeb,0.6041315345699831,1184000,18,66864000,,SRS011086.tar.bz2,909f0451,618749000
1171000,0.0018925283111568664,0.5177304964539007,0.0018876798184724339,0.0018876798184724339,,,,"GCF_007990445.1 Leptotrichia wadei strain=JMUB3936, ASM799044v1",/mnt/HDD/kia/HMP_reference/gtdb-rs207.genomic-reps.dna.k31.zip,788aae5375cbd2a3770dcd29301a45eb,0.5190602836879432,1168000,19,65696000,,SRS011086.tar.bz2,909f0451,618749000
1179000,0.00190545762498202,0.4323922734026746,0.0018812151615598572,0.0018812151615598572,,,,"GCF_014202695.1 Oribacterium sinus strain=DSM 17245, ASM1420269v1",/mnt/HDD/kia/HMP_reference/gtdb-rs207.genomic-reps.dna.k31.zip,46210eef7a5fa4a106f5485e5b1e3ace,0.43796433878157504,1164000,20,64532000,,SRS011086.tar.bz2,909f0451,618749000
1139000,0.0018408110558562518,0.6472269868496283,0.0018294979062592424,0.0018294979062592424,,,,"GCF_000165735.1 Megasphaera micronuciformis F0359 strain=F0359, ASM16573v1",/mnt/HDD/kia/HMP_reference/gtdb-rs207.genomic-reps.dna.k31.zip,249c684d662bae9ace06170d5f13f806,0.6512292738707833,1132000,21,63400000,,SRS011086.tar.bz2,909f0451,618749000
1680000,0.002715155903282268,0.5418886198547216,0.0018084877712933678,0.0018084877712933678,,,,"GCF_001073155.1 Streptococcus parasanguinis strain=512_SPAR, ASM107315v1",/mnt/HDD/kia/HMP_reference/gtdb-rs207.genomic-reps.dna.k31.zip,9630f7633372e1686a36cdb947c1b8a2,0.8135593220338984,1119000,22,62281000,,SRS011086.tar.bz2,909f0451,618749000
1081000,0.001747073530623888,0.5302879841112215,0.0017260633956580132,0.0017260633956580132,,,,"GCA_015258095.1 Lachnospiraceae bacterium, ASM1525809v1",/mnt/HDD/kia/HMP_reference/gtdb-rs207.genomic-reps.dna.k31.zip,4827a2fd2ae1506db3ab07bf8c0fae3a,0.5367428003972194,1068000,23,61213000,,SRS011086.tar.bz2,909f0451,618749000
1092000,0.0017648513371334741,0.4957983193277311,0.001716366410289148,0.001716366410289148,,,,"GCF_000239695.1 Actinomyces graevenitzii C83 strain=C83, Acti_grae_C83_V1",/mnt/HDD/kia/HMP_reference/gtdb-rs207.genomic-reps.dna.k31.zip,1b3c86b8a2b2c6540854ba8786011c29,0.5098039215686274,1062000,24,60151000,,SRS011086.tar.bz2,909f0451,618749000
1415000,0.002286872382824053,0.595224559408755,0.0016921239468669848,0.0016921239468669848,,,,"GCF_000215385.1 Streptococcus infantis SK1076 strain=SK1076, ASM21538v1",/mnt/HDD/kia/HMP_reference/gtdb-rs207.genomic-reps.dna.k31.zip,f968d630c8f922e7a51e13f1fa521014,0.8044343376918703,1047000,25,59104000,,SRS011086.tar.bz2,909f0451,618749000
1018000,0.0016452551842508027,0.5497237569060773,0.001608083407003486,0.001608083407003486,,,,"GCF_000308055.1 Actinomyces sp. ph3, ASM30805v1",/mnt/HDD/kia/HMP_reference/gtdb-rs207.genomic-reps.dna.k31.zip,b64135d736b7a33600fa728042a74c75,0.5624309392265193,995000,26,58109000,,SRS011086.tar.bz2,909f0451,618749000
1017000,0.0016436390200226586,0.3523334520840755,0.001598386421634621,0.001598386421634621,,,,"GCF_003862485.1 Lachnoanaerobaculum orale strain=DSM 24553, ASM386248v1",/mnt/HDD/kia/HMP_reference/gtdb-rs207.genomic-reps.dna.k31.zip,26c69ee2250e31a635aaf0314ab61ef6,0.36230851442821516,989000,27,57120000,,SRS011086.tar.bz2,909f0451,618749000
970000,0.0015676793012998809,0.47783251231527096,0.0015676793012998809,0.0015676793012998809,,,,"GCF_003048375.1 Campylobacter concisus strain=P2CDO4, ASM304837v1",/mnt/HDD/kia/HMP_reference/gtdb-rs207.genomic-reps.dna.k31.zip,ed0d099603bde622368eee9569ee908b,0.47783251231527096,970000,28,56150000,,SRS011086.tar.bz2,909f0451,618749000
1663000,0.0026876811114038162,0.401006711409396,0.001545053002105862,0.001545053002105862,,,,"GCF_009738225.1 Streptococcus salivarius strain=ICDC2, ASM973822v1",/mnt/HDD/kia/HMP_reference/gtdb-rs207.genomic-reps.dna.k31.zip,064f37e0e8408f176a29afe33224f971,0.6975671140939598,956000,29,55194000,,SRS011086.tar.bz2,909f0451,618749000
925000,0.0014949519110333915,0.5431591309453905,0.0014949519110333915,0.0014949519110333915,,,,"GCA_905370385.1 Stomatobaculum longum, DRR241310-mag-bin.6",/mnt/HDD/kia/HMP_reference/gtdb-rs207.genomic-reps.dna.k31.zip,d752adcbfacd974310d4e508866c3fe0,0.5431591309453905,925000,30,54269000,,SRS011086.tar.bz2,909f0451,618749000
1207000,0.001950710223370058,0.4205607476635514,0.0014545478053297864,0.0014545478053297864,,,,"GCF_001075875.1 Streptococcus oralis strain=900_SORA, ASM107587v1",/mnt/HDD/kia/HMP_reference/gtdb-rs207.genomic-reps.dna.k31.zip,1e1a4eaca150c28c6c57e36c02e13114,0.564018691588785,900000,31,53369000,,SRS011086.tar.bz2,909f0451,618749000
896000,0.0014480831484172095,0.5030881527231892,0.0014480831484172095,0.0014480831484172095,,,,"GCA_015256775.1 Solobacterium sp., ASM1525677v1",/mnt/HDD/kia/HMP_reference/gtdb-rs207.genomic-reps.dna.k31.zip,aa0124a66bb583dccdb45bab5455a0df,0.5030881527231892,896000,32,52473000,,SRS011086.tar.bz2,909f0451,618749000
1022000,0.0016517198411633797,0.422,0.0013640426085537109,0.0013640426085537109,,,,"GCF_015553625.1 Streptococcus australis strain=D40t1_170626_G7, ASM1555362v1",/mnt/HDD/kia/HMP_reference/gtdb-rs207.genomic-reps.dna.k31.zip,68f58b3905e0e3778039c90892b12fb1,0.511,844000,33,51629000,,SRS011086.tar.bz2,909f0451,618749000
1289000,0.002083235690077883,0.3767026773132926,0.001296163710971654,0.001296163710971654,,,,"GCF_014931395.1 Haemophilus parainfluenzae strain=M1C137_2, ASM1493139v1",/mnt/HDD/kia/HMP_reference/gtdb-rs207.genomic-reps.dna.k31.zip,f933131d2119ed65677531a0c48a4c5a,0.6054485674025364,802000,34,50827000,,SRS011086.tar.bz2,909f0451,618749000
1327000,0.0021446499307473626,0.43385955362003265,0.001288082889830933,0.001288082889830933,,,,"GCA_001058355.1 Carnobacterium maltaromaticum strain=757_CMAL, ASM105835v1",/mnt/HDD/kia/HMP_reference/gtdb-rs207.genomic-reps.dna.k31.zip,0a6af649dd0be1be5f1c89195cc0c908,0.7223734349482852,797000,35,50030000,,SRS011086.tar.bz2,909f0451,618749000
1266000,0.0020460639128305662,0.40930979133226325,0.0012363656345303184,0.0012363656345303184,,,,"GCF_000223335.1 Streptococcus infantis X strain=X, ASM22333v2",/mnt/HDD/kia/HMP_reference/gtdb-rs207.genomic-reps.dna.k31.zip,dfb6bbb696b2e2c228f753fb6d90d1f7,0.6773675762439807,765000,36,49265000,,SRS011086.tar.bz2,909f0451,618749000
768000,0.0012412141272147511,0.4996704021094265,0.001225052484933309,0.001225052484933309,,,,"GCF_000564995.1 Atopobium sp. ICM42b strain=ICM42b, AspICM42bv1.0",/mnt/HDD/kia/HMP_reference/gtdb-rs207.genomic-reps.dna.k31.zip,e99efa83166bd862fc214fac6d20274e,0.5062623599208965,758000,37,48507000,,SRS011086.tar.bz2,909f0451,618749000
763000,0.00123313330607403,0.3312883435582822,0.0012218201564770206,0.0012218201564770206,,,,"GCF_000469505.1 Leptotrichia sp. oral taxon 215 str. W9775 strain=W9775, ASM46950v1",/mnt/HDD/kia/HMP_reference/gtdb-rs207.genomic-reps.dna.k31.zip,ed3f52eb0adf508769647dc6997cc7d9,0.3343558282208589,756000,38,47751000,,SRS011086.tar.bz2,909f0451,618749000
857000,0.0013850527435195854,0.26426533523537804,0.0011975776930548574,0.0011975776930548574,,,,"GCF_000296385.1 Lachnoanaerobaculum sp. OBRC5-5 strain=OBRC5-5, Clos_bact_OBRC5-5_V1",/mnt/HDD/kia/HMP_reference/gtdb-rs207.genomic-reps.dna.k31.zip,ac77cd6c78cc66e33a75866057bb40e2,0.30563480741797433,741000,39,47010000,,SRS011086.tar.bz2,909f0451,618749000
1576000,0.0025470748235552703,0.33457943925233646,0.0011571735873512523,0.0011571735873512523,,,,"GCF_009717815.1 Streptococcus parasanguinis strain=BIOML-A3, ASM971781v1",/mnt/HDD/kia/HMP_reference/gtdb-rs207.genomic-reps.dna.k31.zip,2fcab7a77920c13721e1100bacd32511,0.7364485981308411,716000,40,46294000,,SRS011086.tar.bz2,909f0451,618749000
811000,0.001310709189024952,0.3415492957746479,0.0010973755109099166,0.0010973755109099166,,,,"GCF_018128245.1 Leptotrichia sp. oral taxon 221 strain=F0705, ASM1812824v1",/mnt/HDD/kia/HMP_reference/gtdb-rs207.genomic-reps.dna.k31.zip,d8657bac968309d44f44795b8c762ad5,0.4079476861167002,679000,41,45615000,,SRS011086.tar.bz2,909f0451,618749000
787000,0.001271921247549491,0.3176299174356484,0.0010569714052063115,0.0010569714052063115,,,,"GCF_002860905.1 Streptococcus oralis subsp. dentisani strain=UMB0832, ASM286090v1",/mnt/HDD/kia/HMP_reference/gtdb-rs207.genomic-reps.dna.k31.zip,3d814e63ec0e88783955c77962edc41b,0.3822243807673628,654000,42,44961000,,SRS011086.tar.bz2,909f0451,618749000
872000,0.0014092952069417485,0.3176239567992145,0.001045658255609302,0.001045658255609302,,,,"GCF_010120595.1 Streptococcus thermophilus strain=ATCC 19258, ASM1012059v1",/mnt/HDD/kia/HMP_reference/gtdb-rs207.genomic-reps.dna.k31.zip,67c65ed0334c2a6f06b9e2579342b4b1,0.42808051055473734,647000,43,44314000,,SRS011086.tar.bz2,909f0451,618749000
731000,0.0011814160507734154,0.24711760184473483,0.0010391935986967251,0.0010391935986967251,,,,"GCF_000238075.1 Oribacterium asaccharolyticum ACB7 strain=ACB7, Oribacterium_sp_ACB7_V1",/mnt/HDD/kia/HMP_reference/gtdb-rs207.genomic-reps.dna.k31.zip,9ee4d4b3d0bdb9a70054a742bde13c69,0.2809377401998463,643000,44,43671000,,SRS011086.tar.bz2,909f0451,618749000
635000,0.0010262642848715715,0.2629614267938615,0.0010246481206434273,0.0010246481206434273,,,,"GCF_014054985.1 Kingella oralis strain=DSM 18271, ASM1405498v1",/mnt/HDD/kia/HMP_reference/gtdb-rs207.genomic-reps.dna.k31.zip,f587e99e0fcea538372dc7e6f11b1293,0.26337619245126503,634000,45,43037000,,SRS011086.tar.bz2,909f0451,618749000
622000,0.0010052541499056967,0.2878365831012071,0.0010020218214494084,0.0010020218214494084,,,,"GCF_014647755.1 Porphyromonas pasteri strain=JCM 30531, ASM1464775v1",/mnt/HDD/kia/HMP_reference/gtdb-rs207.genomic-reps.dna.k31.zip,2a81c1b7e89daa651c5a51bffe9edaf9,0.28876508820798513,620000,46,42417000,,SRS011086.tar.bz2,909f0451,618749000
617000,0.0009971733287649758,0.28963558920965454,0.0009890925076242547,0.0009890925076242547,,,,"GCF_013267835.1 Neisseria mucosa strain=FDAARGOS_758, ASM1326783v1",/mnt/HDD/kia/HMP_reference/gtdb-rs207.genomic-reps.dna.k31.zip,0994238d9284738de0c55e6740e63d4e,0.29200189304306673,612000,47,41805000,,SRS011086.tar.bz2,909f0451,618749000
1235000,0.0019959628217580956,0.2819781264859724,0.0009583853872895148,0.0009583853872895148,,,,"GCF_900637515.1 Veillonella dispar strain=NCTC11831, 51184_A01",/mnt/HDD/kia/HMP_reference/gtdb-rs207.genomic-reps.dna.k31.zip,f9bf15287cd9221ded6fd4c037b0f1df,0.5872563005230623,593000,48,41212000,,SRS011086.tar.bz2,909f0451,618749000
651000,0.0010521229125218788,0.25654450261780104,0.0009503045661487938,0.0009503045661487938,,,,"GCF_000242235.1 Stomatobaculum longum strain=ACC2, Lach_bact_ACC2_V1",/mnt/HDD/kia/HMP_reference/gtdb-rs207.genomic-reps.dna.k31.zip,91ec11a60aa60f3a5fefabda0b035c7e,0.28403141361256545,588000,49,40624000,,SRS011086.tar.bz2,909f0451,618749000
683000,0.0011038401678224933,0.2908820614469772,0.0009486884019206496,0.0009486884019206496,,,,"GCF_000758755.1 Actinomyces sp. S6-Spd3 strain=S6-Spd3, 04_NF40_HMP1627v01",/mnt/HDD/kia/HMP_reference/gtdb-rs207.genomic-reps.dna.k31.zip,6686eff21961e761489e752ffd0797c4,0.33845391476709613,587000,50,40037000,,SRS011086.tar.bz2,909f0451,618749000
611000,0.0009874763433961105,0.25403753819292885,0.0009406075807799286,0.0009406075807799286,,,,"GCF_000194945.1 Streptococcus sanguinis SK1 = NCTC 7863 strain=SK1, ASM19494v1",/mnt/HDD/kia/HMP_reference/gtdb-rs207.genomic-reps.dna.k31.zip,ac10a7125d471ec1ee13fd557751a418,0.2666957660410301,582000,51,39455000,,SRS011086.tar.bz2,909f0451,618749000
1295000,0.002092932675446748,0.3035244608100999,0.0009325267596392075,0.0009325267596392075,,,,"GCF_003252795.1 Haemophilus parainfluenzae strain=C2004002729, ASM325279v1",/mnt/HDD/kia/HMP_reference/gtdb-rs207.genomic-reps.dna.k31.zip,f30b7b034981c1c59056b9ee48fbc7b2,0.681220410310363,577000,52,38878000,,SRS011086.tar.bz2,909f0451,618749000
1527000,0.0024678827763762044,0.2838709677419355,0.0009244459384984865,0.0009244459384984865,,,,"GCA_000180035.1 Streptococcus parasanguinis F0405 strain=F0405, ASM18003v1",/mnt/HDD/kia/HMP_reference/gtdb-rs207.genomic-reps.dna.k31.zip,a1e5baa86e50d28bedb56a1553b5d50c,0.7578163771712159,572000,53,38306000,,SRS011086.tar.bz2,909f0451,618749000
1181000,0.0019086899534383086,0.2508833922261484,0.0009179812815859097,0.0009179812815859097,,,,"GCF_000175615.1 Rothia mucilaginosa ATCC 25296 strain=ATCC 25296, ASM17561v1",/mnt/HDD/kia/HMP_reference/gtdb-rs207.genomic-reps.dna.k31.zip,11db2ba4a5b7213bf246441cf0a5780d,0.5216431095406361,568000,54,37738000,,SRS011086.tar.bz2,909f0451,618749000
556000,0.0008985873108481792,0.2297465724968841,0.0008937388181637465,0.0008937388181637465,,,,"GCA_905369775.1 Prevotellaceae bacterium UBA1746, DRR046098-mag-bin.1",/mnt/HDD/kia/HMP_reference/gtdb-rs207.genomic-reps.dna.k31.zip,28e3cd66731f957607c3ae87279be4bb,0.2309929372663066,553000,55,37185000,,SRS011086.tar.bz2,909f0451,618749000
670000,0.0010828300328566188,0.29435957696827264,0.0008096982783002477,0.0008096982783002477,,,,"GCA_015256455.1 Solobacterium sp., ASM1525645v1",/mnt/HDD/kia/HMP_reference/gtdb-rs207.genomic-reps.dna.k31.zip,44418657d27a32aca2c3d906aaf098ad,0.3936545240893067,501000,56,36684000,,SRS011086.tar.bz2,909f0451,618749000
581000,0.0009389914165517843,0.20065925010300784,0.0007870719791062289,0.0007870719791062289,,,,"GCF_001457555.1 Fusobacterium nucleatum subsp. polymorphum strain=NCTC10562, NCTC10562",/mnt/HDD/kia/HMP_reference/gtdb-rs207.genomic-reps.dna.k31.zip,1cfb9c2c8c5ece22c205b7cb1cb18cc6,0.23939019365471775,487000,57,36197000,,SRS011086.tar.bz2,909f0451,618749000
689000,0.0011135371531913586,0.21320249776984834,0.000772526501052931,0.000772526501052931,,,,"GCF_902810435.1 Veillonella parvula strain=SKV38, SKV38",/mnt/HDD/kia/HMP_reference/gtdb-rs207.genomic-reps.dna.k31.zip,92fffacc05525a8c6779bf5455282783,0.3073148974130241,478000,58,35719000,,SRS011086.tar.bz2,909f0451,618749000
923000,0.0014917195825771032,0.22607022607022606,0.0007595971872277773,0.0007595971872277773,,,,"GCF_000466685.1 Campylobacter concisus UNSWCS strain=UNSWCS, UNSWCS",/mnt/HDD/kia/HMP_reference/gtdb-rs207.genomic-reps.dna.k31.zip,02fe7884d5edead16755c4227715ff30,0.44396344396344395,470000,59,35249000,,SRS011086.tar.bz2,909f0451,618749000
1160000,0.0018747505046472802,0.20253164556962025,0.0007499002018589121,0.0007499002018589121,,,,"GCF_002761955.1 Fusobacterium pseudoperiodonticum strain=KCOM 1259, ASM276195v1",/mnt/HDD/kia/HMP_reference/gtdb-rs207.genomic-reps.dna.k31.zip,f30d9656f181d8ffe5954906608feafd,0.5063291139240507,464000,60,34785000,,SRS011086.tar.bz2,909f0451,618749000
1125000,0.001818184756662233,0.2242305813385442,0.000741819380718191,0.000741819380718191,,,,"GCF_001553685.1 Streptococcus sp. oral taxon 431 strain=F0610 (5-114), ASM155368v1",/mnt/HDD/kia/HMP_reference/gtdb-rs207.genomic-reps.dna.k31.zip,df4416b7ac1ac41452c444e8fdee9600,0.5495847581827064,459000,61,34326000,,SRS011086.tar.bz2,909f0451,618749000
1444000,0.0023337411454402352,0.2003668042182485,0.0007062637676990186,0.0007062637676990186,,,,"GCF_001074805.1 Streptococcus parasanguinis strain=886_SPAR, ASM107480v1",/mnt/HDD/kia/HMP_reference/gtdb-rs207.genomic-reps.dna.k31.zip,6ccd3a1399547bdc639c88b30751963b,0.6620816139385602,437000,62,33889000,,SRS011086.tar.bz2,909f0451,618749000
1193000,0.001928083924176039,0.22837552742616032,0.0006997991107864416,0.0006997991107864416,,,,"GCA_905207935.1 uncultured Haemophilus sp., SRR413574-mag-bin.5",/mnt/HDD/kia/HMP_reference/gtdb-rs207.genomic-reps.dna.k31.zip,34dde6ad5dd3664dc9a639f81581c29c,0.6292194092827004,433000,63,33456000,,SRS011086.tar.bz2,909f0451,618749000
1283000,0.002073538704709018,0.24211711711711711,0.0006949506181020091,0.0006949506181020091,,,,"GCF_000279535.1 Streptococcus infantis SPAR10 strain=SPAR10, ASM27953v1",/mnt/HDD/kia/HMP_reference/gtdb-rs207.genomic-reps.dna.k31.zip,5b32475a4610dd12d0899c6912c9b823,0.7224099099099099,430000,64,33026000,,SRS011086.tar.bz2,909f0451,618749000
893000,0.001443234655732777,0.21271143003587903,0.000670708154679846,0.000670708154679846,,,,"GCF_006385805.1 Streptococcus sp. E24 strain=E24, ASM638580v1",/mnt/HDD/kia/HMP_reference/gtdb-rs207.genomic-reps.dna.k31.zip,cdf1ea9ad428bca20691507b0aca13a1,0.45771399282419273,415000,65,32611000,,SRS011086.tar.bz2,909f0451,618749000
464000,0.0007499002018589121,0.1937799043062201,0.0006545465123984039,0.0006545465123984039,,,,"GCF_006384255.1 Haemophilus sp. SZY H1 strain=SZY H1, ASM638425v1",/mnt/HDD/kia/HMP_reference/gtdb-rs207.genomic-reps.dna.k31.zip,0dbba7d5e17d7222421400a0f13ae34c,0.22200956937799043,405000,66,32206000,,SRS011086.tar.bz2,909f0451,618749000
393000,0.0006351525416606734,0.14259730811204074,0.0006335363774325292,0.0006335363774325292,,,,"GCF_001027105.1 Staphylococcus aureus subsp. aureus DSM 20231 strain=DSM 20231, ASM102710v1",/mnt/HDD/kia/HMP_reference/gtdb-rs207.genomic-reps.dna.k31.zip,185d23ed7456f793b36f5c5f7f0a4c80,0.1429610767551837,392000,67,31814000,,SRS011086.tar.bz2,909f0451,618749000
569000,0.0009195974458140538,0.1878371750858264,0.0006189908993792313,0.0006189908993792313,,,,"GCF_002386345.1 Streptococcus oralis strain=FDAARGOS_367, ASM238634v1",/mnt/HDD/kia/HMP_reference/gtdb-rs207.genomic-reps.dna.k31.zip,574c99593e991dd13455614261fa499f,0.2790583619421285,383000,68,31431000,,SRS011086.tar.bz2,909f0451,618749000
1015000,0.0016404066915663702,0.2289156626506024,0.0006141424066947987,0.0006141424066947987,,,,"GCA_018364485.1 Granulicatella adiacens, ASM1836448v1",/mnt/HDD/kia/HMP_reference/gtdb-rs207.genomic-reps.dna.k31.zip,42df0665acfd5bc01eb085f507fa4c5a,0.6114457831325302,380000,69,31051000,,SRS011086.tar.bz2,909f0451,618749000
865000,0.001397982057344739,0.15157558835261267,0.0006141424066947987,0.0006141424066947987,,,,"GCA_001072465.1 Xylanimonas cellulosilytica strain=352_XCEL, ASM107246v1",/mnt/HDD/kia/HMP_reference/gtdb-rs207.genomic-reps.dna.k31.zip,e66a6aa0d240935bb0650892e530ee51,0.3450339050658157,380000,70,30671000,,SRS011086.tar.bz2,909f0451,618749000
1163000,0.0018795989973317128,0.19729307652264447,0.0006125262424666545,0.0006125262424666545,,,,"GCA_900552715.1 uncultured Veillonella sp., UMGS1539",/mnt/HDD/kia/HMP_reference/gtdb-rs207.genomic-reps.dna.k31.zip,f89e25e846c960048fbedca92a21ea7a,0.6054138469547111,379000,71,30292000,,SRS011086.tar.bz2,909f0451,618749000
828000,0.0013381839809034034,0.19308208569953536,0.0006044454213259335,0.0006044454213259335,,,,"GCF_001070855.1 Trueperella pyogenes strain=331_TPYO, ASM107085v1",/mnt/HDD/kia/HMP_reference/gtdb-rs207.genomic-reps.dna.k31.zip,a65f8e6a92acf6d7429c0d0c620ff79c,0.42746515229736703,374000,72,29918000,,SRS011086.tar.bz2,909f0451,618749000
1062000,0.001716366410289148,0.21510957324106114,0.0006028292570977893,0.0006028292570977893,,,,"GCF_000411475.1 Streptococcus sp. HPH0090 strain=HPH0090, Stre_sp_HPH0090_V1",/mnt/HDD/kia/HMP_reference/gtdb-rs207.genomic-reps.dna.k31.zip,f965591e6ac0dd6c3f65048d50748c39,0.6124567474048442,373000,73,29545000,,SRS011086.tar.bz2,909f0451,618749000
1595000,0.0025777819438900103,0.17338513841670714,0.000576970629447482,0.000576970629447482,,,,"GCA_018366675.1 Streptococcus parasanguinis, ASM1836667v1",/mnt/HDD/kia/HMP_reference/gtdb-rs207.genomic-reps.dna.k31.zip,c1e4746ee53a43758feb5e15fbdb5e4f,0.7746478873239436,357000,74,29188000,,SRS011086.tar.bz2,909f0451,618749000
718000,0.0011604059158075407,0.15656108597285068,0.0005591928229378957,0.0005591928229378957,,,,"GCF_000187745.1 Streptococcus sp. M334 strain=M334, ASM18774v1",/mnt/HDD/kia/HMP_reference/gtdb-rs207.genomic-reps.dna.k31.zip,871ce9439ca9d063f58e00414c9a5235,0.3248868778280543,346000,75,28842000,,SRS011086.tar.bz2,909f0451,618749000
1198000,0.0019361647453167601,0.15279672578444747,0.0005430311806564536,0.0005430311806564536,,,,"GCF_000191405.1 Haemophilus parainfluenzae ATCC 33392 strain=ATCC 33392, ASM19140v1",/mnt/HDD/kia/HMP_reference/gtdb-rs207.genomic-reps.dna.k31.zip,fbfb9299b266913d2d2b6175ee509a88,0.5447930877671668,336000,76,28506000,,SRS011086.tar.bz2,909f0451,618749000
1017000,0.0016436390200226586,0.10337289194253592,0.0005349503595157326,0.0005349503595157326,,,,"GCF_018127965.1 Prevotella melaninogenica strain=F0301, ASM1812796v1",/mnt/HDD/kia/HMP_reference/gtdb-rs207.genomic-reps.dna.k31.zip,8d4a34a2025f62a4f8cf1c53afab1795,0.31761399125546536,331000,77,28175000,,SRS011086.tar.bz2,909f0451,618749000
327000,0.0005284857026031558,0.18237590630228667,0.0005284857026031558,0.0005284857026031558,,,,"GCF_000160855.1 Lactobacillus helveticus DSM 20075 = CGMCC 1.1877 strain=DSM 20075, ASM16085v1",/mnt/HDD/kia/HMP_reference/gtdb-rs207.genomic-reps.dna.k31.zip,8370469bd046127839d5ba2330633941,0.18237590630228667,327000,78,27848000,,SRS011086.tar.bz2,909f0451,618749000
771000,0.0012460626198991837,0.11647016791711326,0.0005268695383750115,0.0005268695383750115,,,,"GCF_000287675.1 Lachnoanaerobaculum sp. ICM7 strain=ICM7, LspICM7v1.0",/mnt/HDD/kia/HMP_reference/gtdb-rs207.genomic-reps.dna.k31.zip,103a9b2612c512b0d35d77517a3aaa93,0.2754555198285102,326000,79,27522000,,SRS011086.tar.bz2,909f0451,618749000
946000,0.00152889135982442,0.15509039010466222,0.0005268695383750115,0.0005268695383750115,,,,"GCF_003048675.2 Campylobacter concisus strain=P1CDO2, ASM304867v2",/mnt/HDD/kia/HMP_reference/gtdb-rs207.genomic-reps.dna.k31.zip,874e852ad2f12067c8754e3310384bf0,0.45004757373929594,326000,80,27196000,,SRS011086.tar.bz2,909f0451,618749000
1119000,0.0018084877712933678,0.15802975885069268,0.0004977785822684158,0.0004977785822684158,,,,"GCF_014931275.1 Haemophilus parainfluenzae strain=M1C160_1, ASM1493127v1",/mnt/HDD/kia/HMP_reference/gtdb-rs207.genomic-reps.dna.k31.zip,90ed85567504e269bdef87c296aa46c1,0.5741405849153411,308000,81,26888000,,SRS011086.tar.bz2,909f0451,618749000
1077000,0.001740608873711311,0.16073298429319371,0.0004961624180402715,0.0004961624180402715,,,,"GCF_000963255.1 Streptococcus infantis strain=UC6950A, ASM96325v1",/mnt/HDD/kia/HMP_reference/gtdb-rs207.genomic-reps.dna.k31.zip,5a2c95261bbbdcb2d4741cf3264115c0,0.5638743455497383,307000,82,26581000,,SRS011086.tar.bz2,909f0451,618749000
404000,0.0006529303481702597,0.12785774767146485,0.00048808159689955053,0.00048808159689955053,,,,"GCF_001274535.1 Leptotrichia sp. oral taxon 212 strain=W10393, ASM127453v1",/mnt/HDD/kia/HMP_reference/gtdb-rs207.genomic-reps.dna.k31.zip,628c4b9cb0d1d0471b76cc307aaa0977,0.1710414902624894,302000,83,26279000,,SRS011086.tar.bz2,909f0451,618749000
302000,0.00048808159689955053,0.1590909090909091,0.00048646543267140635,0.00048646543267140635,,,,"GCA_013333255.2 Flavobacteriaceae bacterium, ASM1333325v2",/mnt/HDD/kia/HMP_reference/gtdb-rs207.genomic-reps.dna.k31.zip,071b8f1420f0f4818450d53228750306,0.15961945031712474,301000,84,25978000,,SRS011086.tar.bz2,909f0451,618749000
397000,0.0006416171985732502,0.13574040219378428,0.00048000077575882953,0.00048000077575882953,,,,"GCF_001553855.1 Streptococcus gordonii strain=CCUG 33482, ASM155385v1",/mnt/HDD/kia/HMP_reference/gtdb-rs207.genomic-reps.dna.k31.zip,419095204c9ce692353e030f466fa6fe,0.18144424131627057,297000,85,25681000,,SRS011086.tar.bz2,909f0451,618749000
1103000,0.0017826291436430605,0.17510422870756404,0.0004751522830743969,0.0004751522830743969,,,,"GCA_900556785.1 uncultured Veillonella sp., UMGS1979",/mnt/HDD/kia/HMP_reference/gtdb-rs207.genomic-reps.dna.k31.zip,c1b4aeea57ba385ce007704f204004e1,0.6569386539606908,294000,86,25387000,,SRS011086.tar.bz2,909f0451,618749000
355000,0.0005737383009911935,0.1373190098085007,0.0004751522830743969,0.0004751522830743969,,,,"GCF_000238795.1 Haemophilus sputorum CCUG 13788 strain=CCUG 13788, ASM23879v2",/mnt/HDD/kia/HMP_reference/gtdb-rs207.genomic-reps.dna.k31.zip,2abcad514c43d8e4b9bc8c549d73f0f5,0.16581036898645493,294000,87,25093000,,SRS011086.tar.bz2,909f0451,618749000
972000,0.0015709116297561692,0.19795918367346937,0.0004703037903899643,0.0004703037903899643,,,,"GCA_900551535.1 uncultured Granulicatella sp., UMGS1414",/mnt/HDD/kia/HMP_reference/gtdb-rs207.genomic-reps.dna.k31.zip,adab28d111d8ab30fdb1c5b149c9e3f1,0.6612244897959184,291000,88,24802000,,SRS011086.tar.bz2,909f0451,618749000
1567000,0.0025325293455019725,0.13438546150167385,0.0004541421481085222,0.0004541421481085222,,,,"GCF_016648925.1 Streptococcus parasanguinis strain=1.1, ASM1664892v1",/mnt/HDD/kia/HMP_reference/gtdb-rs207.genomic-reps.dna.k31.zip,e58623ed5f51355298bb790ee7073caa,0.749402199904352,281000,89,24521000,,SRS011086.tar.bz2,909f0451,618749000
1194000,0.0019297000884041832,0.14542570068746694,0.00044444516273965695,0.00044444516273965695,,,,"GCF_000187465.1 Streptococcus infantis ATCC 700779 strain=ATCC 700779, ASM18746v1",/mnt/HDD/kia/HMP_reference/gtdb-rs207.genomic-reps.dna.k31.zip,4bbc3d4f9ce05da759518bf65bbae1c6,0.6314119513484928,275000,90,24246000,,SRS011086.tar.bz2,909f0451,618749000
282000,0.0004557583123366664,0.11016260162601627,0.0004379805058270801,0.0004379805058270801,,,,"GCF_000164695.2 Rothia dentocariosa ATCC 17931 strain=ATCC 17931, ASM16469v2",/mnt/HDD/kia/HMP_reference/gtdb-rs207.genomic-reps.dna.k31.zip,749b0a6cf814c3c640e32fe578204f06,0.11463414634146342,271000,91,23975000,,SRS011086.tar.bz2,909f0451,618749000
291000,0.0004703037903899643,0.33208020050125314,0.0004282835204582149,0.0004282835204582149,,,,"GCA_015257705.1 Candidatus Nanosynbacter sp., ASM1525770v1",/mnt/HDD/kia/HMP_reference/gtdb-rs207.genomic-reps.dna.k31.zip,95eeede60ca6d7fea66cbae1c5a16029,0.36466165413533835,265000,92,23710000,,SRS011086.tar.bz2,909f0451,618749000
913000,0.0014755579402956612,0.12169066418950301,0.00042343502777378224,0.00042343502777378224,,,,"GCA_015265375.1 Rothia sp., ASM1526537v1",/mnt/HDD/kia/HMP_reference/gtdb-rs207.genomic-reps.dna.k31.zip,f028ae27e09ecf47eb745604a611f7d7,0.42405945192754296,262000,93,23448000,,SRS011086.tar.bz2,909f0451,618749000
587000,0.0009486884019206496,0.17423728813559322,0.00041535420663306124,0.00041535420663306124,,,,"GCA_015258715.1 Atopobium sp., ASM1525871v1",/mnt/HDD/kia/HMP_reference/gtdb-rs207.genomic-reps.dna.k31.zip,a009f2e464af74428409520b84a1f5a7,0.39796610169491525,257000,94,23191000,,SRS011086.tar.bz2,909f0451,618749000
1222000,0.001974952686792221,0.14875072632190586,0.000413738042404917,0.000413738042404917,,,,"GCA_015255025.1 Haemophilus sp., ASM1525502v1",/mnt/HDD/kia/HMP_reference/gtdb-rs207.genomic-reps.dna.k31.zip,8d7e066034568b6a617fe63aa3979dfa,0.7100522951772226,256000,95,22935000,,SRS011086.tar.bz2,909f0451,618749000
723000,0.0011684867369482618,0.12150433944069432,0.0004072733854923402,0.0004072733854923402,,,,"GCF_002096755.1 Streptococcus mitis strain=RH_50275_09, ASM209675v1",/mnt/HDD/kia/HMP_reference/gtdb-rs207.genomic-reps.dna.k31.zip,b1a0b7cad189923faf01ee4fa5d930aa,0.34860173577627773,252000,96,22683000,,SRS011086.tar.bz2,909f0451,618749000
716000,0.0011571735873512523,0.10731081658828559,0.000405657221264196,0.000405657221264196,,,,"GCF_002847525.1 Schaalia odontolytica strain=UMB0018, ASM284752v1",/mnt/HDD/kia/HMP_reference/gtdb-rs207.genomic-reps.dna.k31.zip,0a04039a2950d69949f7ef5c6f105db6,0.30611372381359553,251000,97,22432000,,SRS011086.tar.bz2,909f0451,618749000
1629000,0.0026327315276469133,0.10679177837354781,0.0003862632505264655,0.0003862632505264655,,,,"GCF_001813295.1 Streptococcus sp. HMSC072G04 strain=HMSC072G04, ASM181329v1",/mnt/HDD/kia/HMP_reference/gtdb-rs207.genomic-reps.dna.k31.zip,bd572fe08e3233a062af70b98db0e14c,0.7278820375335121,239000,98,22193000,,SRS011086.tar.bz2,909f0451,618749000
327000,0.0005284857026031558,0.0914396887159533,0.00037979859361388866,0.00037979859361388866,,,,"GCF_000220235.1 Prevotella nigrescens ATCC 33563 strain=ATCC 33563, ASM22023v1",/mnt/HDD/kia/HMP_reference/gtdb-rs207.genomic-reps.dna.k31.zip,8814fea6230158cc3d23dbea0337a6b7,0.1272373540856031,235000,99,21958000,,SRS011086.tar.bz2,909f0451,618749000
986000,0.0015935379289501882,0.10051546391752578,0.0003781824293857445,0.0003781824293857445,,,,"GCF_000163935.1 Fusobacterium periodonticum 1_1_41FAA strain=1_1_41FAA, ASM16393v1",/mnt/HDD/kia/HMP_reference/gtdb-rs207.genomic-reps.dna.k31.zip,4e9d290c03e346fffb0c084f37f71b04,0.42353951890034364,234000,100,21724000,,SRS011086.tar.bz2,909f0451,618749000
1217000,0.0019668718656515,0.10648148148148148,0.00037171777247316766,0.00037171777247316766,,,,"GCF_002959755.1 Veillonella sp. T11011-6 strain=T11011-6, ASM295975v1",/mnt/HDD/kia/HMP_reference/gtdb-rs207.genomic-reps.dna.k31.zip,84c713bb55d650e8a2a799956882653c,0.5634259259259259,230000,101,21494000,,SRS011086.tar.bz2,909f0451,618749000
1010000,0.001632325870425649,0.10725995316159251,0.0003701016082450234,0.0003701016082450234,,,,"GCF_001811505.1 Streptococcus sp. HMSC034E03 strain=HMSC034E03, ASM181150v1",/mnt/HDD/kia/HMP_reference/gtdb-rs207.genomic-reps.dna.k31.zip,5e505197623e0b7dc1d6775ee8a323b8,0.47306791569086654,229000,102,21265000,,SRS011086.tar.bz2,909f0451,618749000
917000,0.0014820225972082379,0.11360239162929746,0.0003684854440168792,0.0003684854440168792,,,,"GCA_018375265.1 Campylobacter concisus, ASM1837526v1",/mnt/HDD/kia/HMP_reference/gtdb-rs207.genomic-reps.dna.k31.zip,19885749231bf7607a41936779924fc2,0.4569008470353762,228000,103,21037000,,SRS011086.tar.bz2,909f0451,618749000
855000,0.001381820415063297,0.16897081413210446,0.00035555613019172555,0.00035555613019172555,,,,"GCA_015264885.1 Streptococcus sp., ASM1526488v1",/mnt/HDD/kia/HMP_reference/gtdb-rs207.genomic-reps.dna.k31.zip,54e9cce3176f15555cf3af54303b6dc0,0.6566820276497696,220000,104,20817000,,SRS011086.tar.bz2,909f0451,618749000
616000,0.0009955571645368316,0.10428571428571429,0.00035393996596358137,0.00035393996596358137,,,,"GCF_010604095.1 Streptococcus vestibularis strain=AS012761, ASM1060409v1",/mnt/HDD/kia/HMP_reference/gtdb-rs207.genomic-reps.dna.k31.zip,1011a3c923fa78a46b088ee068f5a605,0.29333333333333333,219000,105,20598000,,SRS011086.tar.bz2,909f0451,618749000
1524000,0.0024630342836917717,0.09739368998628258,0.00034424298059471613,0.00034424298059471613,,,,"GCF_000448565.1 Streptococcus sp. HSISM1 strain=HSISM1, HSISM1_1.0",/mnt/HDD/kia/HMP_reference/gtdb-rs207.genomic-reps.dna.k31.zip,0d76b300052bf4c4857988d3253fe610,0.6968449931412894,213000,106,20385000,,SRS011086.tar.bz2,909f0451,618749000
215000,0.00034747530905100454,0.08962868117797695,0.0003393944879102835,0.0003393944879102835,,,,"GCA_015259235.1 Alloprevotella sp., ASM1525923v1",/mnt/HDD/kia/HMP_reference/gtdb-rs207.genomic-reps.dna.k31.zip,47f304effd254e0f2030c3c824302efa,0.09176269739650021,210000,107,20175000,,SRS011086.tar.bz2,909f0451,618749000
668000,0.0010795977044003304,0.10388945752302968,0.000328081338313274,0.000328081338313274,,,,"GCF_000257905.1 Streptococcus mitis SK579 strain=SK579, SmitisSK579v1.0",/mnt/HDD/kia/HMP_reference/gtdb-rs207.genomic-reps.dna.k31.zip,1e23d63f799a5fed0efd3a9e03b9c217,0.34186284544524054,203000,108,19972000,,SRS011086.tar.bz2,909f0451,618749000
235000,0.00037979859361388866,0.07727975270479134,0.00032323284562884143,0.00032323284562884143,,,,"GCF_000227275.1 Neisseria sp. GT4A_CT1 strain=GT4A_CT1, Neisseria_sp_GT4A_CT1_V1",/mnt/HDD/kia/HMP_reference/gtdb-rs207.genomic-reps.dna.k31.zip,f4e15fbec9415cec0278d4d579401917,0.09080370942812983,200000,109,19772000,,SRS011086.tar.bz2,909f0451,618749000
1169000,0.001889295982700578,0.09813542688910697,0.00032323284562884143,0.00032323284562884143,,,,"GCF_000210895.1 Haemophilus parainfluenzae T3T1 strain=T3T1, ASM21089v1",/mnt/HDD/kia/HMP_reference/gtdb-rs207.genomic-reps.dna.k31.zip,364e7e1727f57ba63e8216dbea229ae5,0.5736015701668302,200000,110,19572000,,SRS011086.tar.bz2,909f0451,618749000
1084000,0.0017519220233083205,0.11018826135105204,0.0003216166814006972,0.0003216166814006972,,,,"GCA_900766125.1 uncultured Veillonella sp., SRS311462_12",/mnt/HDD/kia/HMP_reference/gtdb-rs207.genomic-reps.dna.k31.zip,adc1799f8bef5e3969c8ede96a72430c,0.6002214839424141,199000,111,19373000,,SRS011086.tar.bz2,909f0451,618749000
414000,0.0006690919904517017,0.16084484159220147,0.000320000517172553,0.000320000517172553,,,,"GCA_900555985.1 uncultured Gemella sp., UMGS1894",/mnt/HDD/kia/HMP_reference/gtdb-rs207.genomic-reps.dna.k31.zip,b3c2c09739d4e7b7bd57430e39876e44,0.3363119415109667,198000,112,19175000,,SRS011086.tar.bz2,909f0451,618749000
973000,0.0015725277939843134,0.10185185185185185,0.000320000517172553,0.000320000517172553,,,,"GCA_000223255.2 Streptococcus infantis SK970 strain=SK970, ASM22325v2",/mnt/HDD/kia/HMP_reference/gtdb-rs207.genomic-reps.dna.k31.zip,eaf982ba37eb066da6d433933089ec00,0.5005144032921811,198000,113,18977000,,SRS011086.tar.bz2,909f0451,618749000
679000,0.0010973755109099166,0.1261319534282018,0.0003151520244881204,0.0003151520244881204,,,,"GCA_905214495.1 uncultured bacterium, ERR1190924-mag-bin.8",/mnt/HDD/kia/HMP_reference/gtdb-rs207.genomic-reps.dna.k31.zip,34debd2c16e8bc2cc5b1a64926c989da,0.43919793014230274,195000,114,18782000,,SRS011086.tar.bz2,909f0451,618749000
929000,0.0015014165679459685,0.08977325312355391,0.0003135358602599762,0.0003135358602599762,,,,"GCF_001548235.1 Rothia mucilaginosa strain=NUM-Rm6536, ASM154823v1",/mnt/HDD/kia/HMP_reference/gtdb-rs207.genomic-reps.dna.k31.zip,8b55628615cb688c6eacab1186a6980d,0.42989356779268856,194000,115,18588000,,SRS011086.tar.bz2,909f0451,618749000
190000,0.00030707120334739937,0.07085714285714285,0.0003006065464348225,0.0003006065464348225,,,,"GCF_000174755.1 Capnocytophaga gingivalis ATCC 33624 strain=ATCC 33624, ASM17475v1",/mnt/HDD/kia/HMP_reference/gtdb-rs207.genomic-reps.dna.k31.zip,d01e6cee5fb78e4c7276baf9e03ef249,0.07238095238095238,186000,116,18402000,,SRS011086.tar.bz2,909f0451,618749000
1096000,0.001771315994046051,0.09162951956414066,0.0002989903822066783,0.0002989903822066783,,,,"GCF_001579645.1 Streptococcus infantis strain=DD18, ASM157964v1",/mnt/HDD/kia/HMP_reference/gtdb-rs207.genomic-reps.dna.k31.zip,d1daf4b539b54c6587667637f513bef5,0.54284299157999,185000,117,18217000,,SRS011086.tar.bz2,909f0451,618749000
228000,0.0003684854440168792,0.09753483386923902,0.00029414188952224567,0.00029414188952224567,,,,"GCF_001553035.1 Gemella haemolysans strain=DNF01167, ASM155303v1",/mnt/HDD/kia/HMP_reference/gtdb-rs207.genomic-reps.dna.k31.zip,2d548a6a65fcf6367862b443bb8c448d,0.12218649517684887,182000,118,18035000,,SRS011086.tar.bz2,909f0451,618749000
735000,0.0011878807076859922,0.1111111111111111,0.0002925257252941015,0.0002925257252941015,,,,"GCA_003521145.1 Streptococcus sp., ASM352114v1",/mnt/HDD/kia/HMP_reference/gtdb-rs207.genomic-reps.dna.k31.zip,d92a817b54bcc1baed5ce4d4055b5e21,0.45119705340699817,181000,119,17854000,,SRS011086.tar.bz2,909f0451,618749000
1102000,0.0017810129794149161,0.055419473361910596,0.0002925257252941015,0.0002925257252941015,,,,"GCF_018127925.1 Prevotella melaninogenica strain=F0516, ASM1812792v1",/mnt/HDD/kia/HMP_reference/gtdb-rs207.genomic-reps.dna.k31.zip,237b9162eb08c8815086803acd758ad7,0.33741579914268216,181000,120,17673000,,SRS011086.tar.bz2,909f0451,618749000
862000,0.0013931335646603065,0.08964834076275384,0.0002925257252941015,0.0002925257252941015,,,,"GCF_004166885.1 Streptococcus sp. bf_0095 strain=bf_0095, ASM416688v1",/mnt/HDD/kia/HMP_reference/gtdb-rs207.genomic-reps.dna.k31.zip,56290af52b13e9b1583c3aae6908e794,0.4269440316988608,181000,121,17492000,,SRS011086.tar.bz2,909f0451,618749000
192000,0.0003103035318036878,0.05695195672923958,0.0002892933968378131,0.0002892933968378131,,,,"GCF_006546825.1 Actinomyces oris strain=CCUG 34288, ASM654682v1",/mnt/HDD/kia/HMP_reference/gtdb-rs207.genomic-reps.dna.k31.zip,e8605a9ea870c376247ec0446d5ce47b,0.06108813235762011,179000,122,17313000,,SRS011086.tar.bz2,909f0451,618749000
1243000,0.0020088921355832495,0.09561965811965811,0.0002892933968378131,0.0002892933968378131,,,,"GCA_900756155.1 Pasteurellaceae bacterium, ERS473369_3",/mnt/HDD/kia/HMP_reference/gtdb-rs207.genomic-reps.dna.k31.zip,eeea60c9bd0bd610fee515947127a3fd,0.6639957264957265,179000,123,17134000,,SRS011086.tar.bz2,909f0451,618749000
179000,0.0002892933968378131,0.055366532632230125,0.0002892933968378131,0.0002892933968378131,,,,"GCF_018128325.1 Arachnia rubra strain=DSMZ 100122, ASM1812832v1",/mnt/HDD/kia/HMP_reference/gtdb-rs207.genomic-reps.dna.k31.zip,287d2855ecd94f9986a08d1bd807de60,0.055366532632230125,179000,124,16955000,,SRS011086.tar.bz2,909f0451,618749000
455000,0.0007353547238056142,0.07817303469477382,0.00028767723260966885,0.00028767723260966885,,,,"GCF_013343115.1 Streptococcus sanguinis strain=FDAARGOS_770, ASM1334311v1",/mnt/HDD/kia/HMP_reference/gtdb-rs207.genomic-reps.dna.k31.zip,67ace1803c455858bff86989eee53b7b,0.19982433025911286,178000,125,16777000,,SRS011086.tar.bz2,909f0451,618749000
1238000,0.0020008113144425283,0.08460803059273422,0.00028606106838152467,0.00028606106838152467,,,,"GCF_002959895.1 Veillonella infantium strain=T11011-4, ASM295989v1",/mnt/HDD/kia/HMP_reference/gtdb-rs207.genomic-reps.dna.k31.zip,1ba2fc440ef0c0e3733e6a63933df9c5,0.5917782026768642,177000,126,16600000,,SRS011086.tar.bz2,909f0451,618749000
1532000,0.002475963597516925,0.08094117647058824,0.0002779802472408036,0.0002779802472408036,,,,"GCF_000963275.1 Streptococcus parasanguinis strain=MGH413, ASM96327v1",/mnt/HDD/kia/HMP_reference/gtdb-rs207.genomic-reps.dna.k31.zip,c70c057dced6059abe5194c68893395c,0.7209411764705882,172000,127,16428000,,SRS011086.tar.bz2,909f0451,618749000
472000,0.0007628295156840658,0.0809138505473584,0.0002747479187845152,0.0002747479187845152,,,,"GCF_900654165.1 Neisseria flavescens strain=N13, PRJEB30649-R19",/mnt/HDD/kia/HMP_reference/gtdb-rs207.genomic-reps.dna.k31.zip,9e2f71ef359430d825b98076799ecf08,0.22465492622560684,170000,128,16258000,,SRS011086.tar.bz2,909f0451,618749000
1193000,0.001928083924176039,0.09572649572649573,0.0002715155903282268,0.0002715155903282268,,,,"GCF_015546995.1 Streptococcus infantis strain=D6t1_180914_B1, ASM1554699v1",/mnt/HDD/kia/HMP_reference/gtdb-rs207.genomic-reps.dna.k31.zip,9fcb6874245b43036d668a277fa30ecd,0.6797720797720798,168000,129,16090000,,SRS011086.tar.bz2,909f0451,618749000
922000,0.001490103418348959,0.081067472306143,0.0002602024407312173,0.0002602024407312173,,,,"GCF_003048615.2 Campylobacter concisus strain=H16O-S1, ASM304861v2",/mnt/HDD/kia/HMP_reference/gtdb-rs207.genomic-reps.dna.k31.zip,84d79011ad3df10a1768ce80f6f79af7,0.46424974823766363,161000,130,15929000,,SRS011086.tar.bz2,909f0451,618749000
523000,0.0008452538913194203,0.09009009009009009,0.00025858627650307314,0.00025858627650307314,,,,"GCA_900541895.1 uncultured Actinomyces sp., UMGS402",/mnt/HDD/kia/HMP_reference/gtdb-rs207.genomic-reps.dna.k31.zip,29d1831e36cd32a9f7ec61f75ca0a977,0.294481981981982,160000,131,15769000,,SRS011086.tar.bz2,909f0451,618749000
579000,0.0009357590880954959,0.11769059955588453,0.0002569701122749289,0.0002569701122749289,,,,"GCA_015259105.1 Atopobium sp., ASM1525910v1",/mnt/HDD/kia/HMP_reference/gtdb-rs207.genomic-reps.dna.k31.zip,0f7b5b7dd8605dca92537b61e17473de,0.42857142857142855,159000,132,15610000,,SRS011086.tar.bz2,909f0451,618749000
258000,0.0004169703708612054,0.24574961360123648,0.0002569701122749289,0.0002569701122749289,,,,"GCA_900556885.1 Candidatus Saccharibacteria bacterium, UMGS1986",/mnt/HDD/kia/HMP_reference/gtdb-rs207.genomic-reps.dna.k31.zip,63e7f21331ca2533d613ab4f110a0146,0.3987635239567233,159000,133,15451000,,SRS011086.tar.bz2,909f0451,618749000
504000,0.0008145467709846804,0.06619187264348554,0.00025535394804678473,0.00025535394804678473,,,,"GCF_000163055.2 Prevotella sp. oral taxon 299 str. F0039 strain=F0039, ASM16305v2",/mnt/HDD/kia/HMP_reference/gtdb-rs207.genomic-reps.dna.k31.zip,681949734b74cf01a40bfdf63287486d,0.21114369501466276,158000,134,15293000,,SRS011086.tar.bz2,909f0451,618749000
1169000,0.001889295982700578,0.07307873644507308,0.0002505054553623521,0.0002505054553623521,,,,"GCA_905370255.1 Streptococcus oralis, DRR046102-mag-bin.5",/mnt/HDD/kia/HMP_reference/gtdb-rs207.genomic-reps.dna.k31.zip,235a74ae4e6b4e9c28a368d345e922ff,0.5511551155115512,155000,135,15138000,,SRS011086.tar.bz2,909f0451,618749000
1163000,0.0018795989973317128,0.08776896942242356,0.0002505054553623521,0.0002505054553623521,,,,"GCA_905215245.1 uncultured bacterium, SRR413594-mag-bin.6",/mnt/HDD/kia/HMP_reference/gtdb-rs207.genomic-reps.dna.k31.zip,e2253a34fac8315ee842bac3a3bdb51a,0.6585503963759909,155000,136,14983000,,SRS011086.tar.bz2,909f0451,618749000
168000,0.0002715155903282268,0.062348178137651825,0.0002488892911342079,0.0002488892911342079,,,,"GCF_003054025.1 Capnocytophaga leadbetteri strain=DSM 22902, ASM305402v1",/mnt/HDD/kia/HMP_reference/gtdb-rs207.genomic-reps.dna.k31.zip,9d140b7093df5b32f942fccdc2690841,0.0680161943319838,154000,137,14829000,,SRS011086.tar.bz2,909f0451,618749000
1170000,0.0018909121469287222,0.07897489539748954,0.00024404079844977526,0.00024404079844977526,,,,"GCF_001072375.1 Streptococcus pseudopneumoniae strain=342_SPSE, ASM107237v1",/mnt/HDD/kia/HMP_reference/gtdb-rs207.genomic-reps.dna.k31.zip,95022b51cde7f6f1a0894a1e9afe0d76,0.6119246861924686,151000,138,14678000,,SRS011086.tar.bz2,909f0451,618749000
532000,0.0008597993693727181,0.07102001906577693,0.00024080846999348685,0.00024080846999348685,,,,"GCF_001078375.1 Veillonella tobetsuensis strain=ATCC BAA-2400, ASM107837v1",/mnt/HDD/kia/HMP_reference/gtdb-rs207.genomic-reps.dna.k31.zip,79b7431b15da7c26b58ad84bf7328fbc,0.25357483317445184,149000,139,14529000,,SRS011086.tar.bz2,909f0451,618749000
639000,0.0010327289417841484,0.0651978417266187,0.00023434381308091003,0.00023434381308091003,,,,"GCF_000024945.1 Veillonella parvula DSM 2008 strain=DSM 2008, ASM2494v1",/mnt/HDD/kia/HMP_reference/gtdb-rs207.genomic-reps.dna.k31.zip,bb6c752a62c434e57bfc3292c79595c6,0.2873201438848921,145000,140,14384000,,SRS011086.tar.bz2,909f0451,618749000
144000,0.00023272764885276582,0.19298245614035087,0.00023111148462462162,0.00023111148462462162,,,,"GCA_013333135.2 Candidatus Saccharibacteria bacterium, ASM1333313v2",/mnt/HDD/kia/HMP_reference/gtdb-rs207.genomic-reps.dna.k31.zip,4202f5ada7697d61a35c180ecef37ff8,0.19433198380566802,143000,141,14241000,,SRS011086.tar.bz2,909f0451,618749000
687000,0.0011103048247350703,0.07114427860696518,0.00023111148462462162,0.00023111148462462162,,,,"GCF_000220045.1 Streptococcus mitis SK1073 strain=SK1073, ASM22004v2",/mnt/HDD/kia/HMP_reference/gtdb-rs207.genomic-reps.dna.k31.zip,5f8aee1c5416123fa5da3a4761f8dfac,0.3417910447761194,143000,142,14098000,,SRS011086.tar.bz2,909f0451,618749000
961000,0.001553133823246583,0.06335844040762073,0.00023111148462462162,0.00023111148462462162,,,,"GCF_000314795.2 Streptococcus sp. F0442 strain=F0442, Strept_sp_F0442_V1",/mnt/HDD/kia/HMP_reference/gtdb-rs207.genomic-reps.dna.k31.zip,aaa05beb958d2b83b84f3e9cdd86afd7,0.4257864421798848,143000,143,13955000,,SRS011086.tar.bz2,909f0451,618749000
1336000,0.002159195408800661,0.06878306878306878,0.00023111148462462162,0.00023111148462462162,,,,"GCF_003463825.1 Veillonella sp. AM51-8BH strain=AM51-8BH, ASM346382v1",/mnt/HDD/kia/HMP_reference/gtdb-rs207.genomic-reps.dna.k31.zip,656a33fa4879ad18833403d9d6ea6489,0.6426166426166426,143000,144,13812000,,SRS011086.tar.bz2,909f0451,618749000
166000,0.0002682832618719384,0.05194319880418535,0.0002246468277120448,0.0002246468277120448,,,,"GCF_000411115.1 Capnocytophaga granulosa ATCC 51502 strain=ATCC 51502, Capn_gran_ATCC_51502_V1",/mnt/HDD/kia/HMP_reference/gtdb-rs207.genomic-reps.dna.k31.zip,6bc7a48b8662c9ae05f1365f18e4740a,0.06203288490284006,139000,145,13673000,,SRS011086.tar.bz2,909f0451,618749000
381000,0.0006157585709229429,0.07073791348600508,0.0002246468277120448,0.0002246468277120448,,,,"GCF_000160675.1 Granulicatella adiacens ATCC 49175 strain=ATCC 49175, ASM16067v1",/mnt/HDD/kia/HMP_reference/gtdb-rs207.genomic-reps.dna.k31.zip,3ca7d47a41c7b2656d4c8ca1af3b1735,0.19389312977099238,139000,146,13534000,,SRS011086.tar.bz2,909f0451,618749000
643000,0.0010391935986967251,0.1025260029717682,0.0002230306634839006,0.0002230306634839006,,,,"GCA_900552445.1 uncultured Veillonella sp., UMGS1506",/mnt/HDD/kia/HMP_reference/gtdb-rs207.genomic-reps.dna.k31.zip,0c84cf3a0f34192c9c34d2c251386d91,0.47771173848439824,138000,147,13396000,,SRS011086.tar.bz2,909f0451,618749000
1411000,0.0022804077259114762,0.06484962406015038,0.0002230306634839006,0.0002230306634839006,,,,"GCA_018365265.1 Streptococcus parasanguinis, ASM1836526v1",/mnt/HDD/kia/HMP_reference/gtdb-rs207.genomic-reps.dna.k31.zip,1c44fa8fa54a390b7d996c9d64323256,0.6630639097744361,138000,148,13258000,,SRS011086.tar.bz2,909f0451,618749000
685000,0.001107072496278782,0.07251082251082251,0.00021656600657132374,0.00021656600657132374,,,,"GCF_000188295.1 Streptococcus vestibularis ATCC 49124 strain=ATCC 49124, ASM18829v1",/mnt/HDD/kia/HMP_reference/gtdb-rs207.genomic-reps.dna.k31.zip,f10d58765fd345bffe82da57fb72ecc7,0.37067099567099565,134000,149,13124000,,SRS011086.tar.bz2,909f0451,618749000
427000,0.0006901021254175764,0.05966162065894924,0.00021656600657132374,0.00021656600657132374,,,,"GCF_007990545.2 Leptotrichia wadei strain=JCM16777, ASM799054v2",/mnt/HDD/kia/HMP_reference/gtdb-rs207.genomic-reps.dna.k31.zip,de215d38818cc266c42857ce3b5bc2a1,0.19011576135351738,134000,150,12990000,,SRS011086.tar.bz2,909f0451,618749000
369000,0.0005963646001852125,0.04096088697259008,0.00021494984234317953,0.00021494984234317953,,,,"GCF_018128065.1 Prevotella melaninogenica strain=F0091, ASM1812806v1",/mnt/HDD/kia/HMP_reference/gtdb-rs207.genomic-reps.dna.k31.zip,64645afd5960eb73c38486642d3f2970,0.11364336310440407,133000,151,12857000,,SRS011086.tar.bz2,909f0451,618749000
431000,0.0006965667823301533,0.06619504800404244,0.00021171751388689112,0.00021171751388689112,,,,"GCA_905221415.1 bacterium, S1086G24C5",/mnt/HDD/kia/HMP_reference/gtdb-rs207.genomic-reps.dna.k31.zip,c8667e6f40d1910bab33010cdeecd2b9,0.2177867609903992,131000,152,12726000,,SRS011086.tar.bz2,909f0451,618749000
747000,0.0012072746784237227,0.06503251625812906,0.00021010134965874692,0.00021010134965874692,,,,"GCF_015230015.1 Campylobacter concisus strain=H32O-S2, ASM1523001v1",/mnt/HDD/kia/HMP_reference/gtdb-rs207.genomic-reps.dna.k31.zip,03c5171dabc58238d09e281550f143ac,0.3736868434217109,130000,153,12596000,,SRS011086.tar.bz2,909f0451,618749000
936000,0.001512729717542978,0.06659836065573771,0.00021010134965874692,0.00021010134965874692,,,,"GCF_003253005.1 Haemophilus parainfluenzae strain=C2008003258, ASM325300v1",/mnt/HDD/kia/HMP_reference/gtdb-rs207.genomic-reps.dna.k31.zip,f36333f9da6edb7f51a47e53ee965efa,0.47950819672131145,130000,154,12466000,,SRS011086.tar.bz2,909f0451,618749000
570000,0.000921213610042198,0.09407407407407407,0.0002052528569743143,0.0002052528569743143,,,,"GCA_015259045.1 Atopobium sp., ASM1525904v1",/mnt/HDD/kia/HMP_reference/gtdb-rs207.genomic-reps.dna.k31.zip,ba7ad83884b7906e88f9e8713b4e9968,0.4222222222222222,127000,155,12339000,,SRS011086.tar.bz2,909f0451,618749000
447000,0.0007224254099804606,0.06819452207937395,0.00019717203583359327,0.00019717203583359327,,,,"GCF_900155605.1 Actinomyces marseillensis strain=Marseille-P2818, PRJEB18271",/mnt/HDD/kia/HMP_reference/gtdb-rs207.genomic-reps.dna.k31.zip,d5e0c1fc7233ef4439a67993b8cf1334,0.24986025712688653,122000,156,12217000,,SRS011086.tar.bz2,909f0451,618749000
1118000,0.0018068716070652234,0.062213156552779196,0.00019717203583359327,0.00019717203583359327,,,,"GCF_003252725.1 Haemophilus parainfluenzae strain=C2004000280, ASM325272v1",/mnt/HDD/kia/HMP_reference/gtdb-rs207.genomic-reps.dna.k31.zip,ed62478687148592d12f6b299511840b,0.5701172870984191,122000,157,12095000,,SRS011086.tar.bz2,909f0451,618749000
451000,0.0007288900668930374,0.04942339373970346,0.00019393970737730486,0.00019393970737730486,,,,"GCF_000411415.1 Actinomyces sp. HPA0247 strain=HPA0247, Acti_sp_HPA0247_V1",/mnt/HDD/kia/HMP_reference/gtdb-rs207.genomic-reps.dna.k31.zip,fcc612bcfe2880cc4ea9a43e2bdc5f2a,0.1857495881383855,120000,158,11975000,,SRS011086.tar.bz2,909f0451,618749000
130000,0.00021010134965874692,0.059230009871668314,0.00019393970737730486,0.00019393970737730486,,,,"GCF_006739205.1 Streptococcus mutans strain=NBRC 13955, ASM673920v1",/mnt/HDD/kia/HMP_reference/gtdb-rs207.genomic-reps.dna.k31.zip,ffa811dcfb8d29c5adbd20935db99d0c,0.06416584402764067,120000,159,11855000,,SRS011086.tar.bz2,909f0451,618749000
190000,0.00030707120334739937,0.039377895433487756,0.00019232354314916065,0.00019232354314916065,,,,"GCF_900637655.1 Prevotella oris strain=NCTC13071, 52295_B01",/mnt/HDD/kia/HMP_reference/gtdb-rs207.genomic-reps.dna.k31.zip,8aa76d664a1292aed8b45fa12b5a7e4b,0.0628722700198544,119000,160,11736000,,SRS011086.tar.bz2,909f0451,618749000
621000,0.0010036379856775525,0.06312997347480107,0.00019232354314916065,0.00019232354314916065,,,,"GCF_005144795.1 Streptococcus mitis strain=ColumbLawn, ASM514479v1",/mnt/HDD/kia/HMP_reference/gtdb-rs207.genomic-reps.dna.k31.zip,4b354bc6137e1e2166496b77d08d0d60,0.3294429708222812,119000,161,11617000,,SRS011086.tar.bz2,909f0451,618749000
1019000,0.0016468713484789471,0.05465493283927744,0.00019070737892101645,0.00019070737892101645,,,,"GCA_900538355.1 uncultured Veillonella sp., UMGS8",/mnt/HDD/kia/HMP_reference/gtdb-rs207.genomic-reps.dna.k31.zip,8f9afbc620593bc741169c29c13e4960,0.47197776748494674,118000,162,11499000,,SRS011086.tar.bz2,909f0451,618749000
779000,0.0012589919337243373,0.06199893105291288,0.00018747505046472803,0.00018747505046472803,,,,"GCA_900755085.1 uncultured Streptococcus sp., ERS473030_18",/mnt/HDD/kia/HMP_reference/gtdb-rs207.genomic-reps.dna.k31.zip,1bb8a9a42d39f71e42217faf9fb70cb5,0.41635489043292356,116000,163,11383000,,SRS011086.tar.bz2,909f0451,618749000
1062000,0.001716366410289148,0.05518234165067178,0.00018585888623658383,0.00018585888623658383,,,,"GCF_001073085.1 Streptococcus pseudopneumoniae strain=469_SPSE, ASM107308v1",/mnt/HDD/kia/HMP_reference/gtdb-rs207.genomic-reps.dna.k31.zip,9403291063dff800b731730fe99af225,0.5095969289827256,115000,164,11268000,,SRS011086.tar.bz2,909f0451,618749000
686000,0.001108688660506926,0.04432348367029549,0.0001842427220084396,0.0001842427220084396,,,,"GCF_000160475.1 Fusobacterium periodonticum ATCC 33693 strain=ATCC 33693, ASM16047v1",/mnt/HDD/kia/HMP_reference/gtdb-rs207.genomic-reps.dna.k31.zip,e76e45f9373a05f5c9c807f33d8ce1ac,0.2667185069984448,114000,165,11154000,,SRS011086.tar.bz2,909f0451,618749000
141000,0.0002278791561683332,0.03784326858673811,0.0001826265577802954,0.0001826265577802954,,,,"GCF_900446695.1 Capnocytophaga sputigena strain=NCTC11653, 48903_C01",/mnt/HDD/kia/HMP_reference/gtdb-rs207.genomic-reps.dna.k31.zip,c5ec673ee63571d9725458347fad9ecc,0.04722036168787676,113000,166,11041000,,SRS011086.tar.bz2,909f0451,618749000
133000,0.00021494984234317953,0.042906841901816775,0.00017939422932400698,0.00017939422932400698,,,,"GCA_002355935.1 Rothia aeria strain=JCM 11412, ASM235593v1",/mnt/HDD/kia/HMP_reference/gtdb-rs207.genomic-reps.dna.k31.zip,eb948218f0408dc18f5b24385de1af7d,0.05141090065713181,111000,167,10930000,,SRS011086.tar.bz2,909f0451,618749000
114000,0.0001842427220084396,0.04161937192584184,0.00017777806509586277,0.00017777806509586277,,,,"GCF_900637305.1 Cardiobacterium hominis strain=NCTC10426, 50618_F02",/mnt/HDD/kia/HMP_reference/gtdb-rs207.genomic-reps.dna.k31.zip,4ca96fda68eddcdbe96459f28968c05b,0.043132803632236094,110000,168,10820000,,SRS011086.tar.bz2,909f0451,618749000
170000,0.0002747479187845152,0.0437375745526839,0.00017777806509586277,0.00017777806509586277,,,,"GCF_007990525.1 Leptotrichia hofstadii strain=JCM16775, ASM799052v1",/mnt/HDD/kia/HMP_reference/gtdb-rs207.genomic-reps.dna.k31.zip,1dc1e8fd00df1b17a051aa833ca88305,0.06759443339960239,110000,169,10710000,,SRS011086.tar.bz2,909f0451,618749000
1196000,0.0019329324168604718,0.06286043829296424,0.00017616190086771857,0.00017616190086771857,,,,"GCF_001074155.1 Streptococcus pseudopneumoniae strain=74_SPSE, ASM107415v1",/mnt/HDD/kia/HMP_reference/gtdb-rs207.genomic-reps.dna.k31.zip,0b0c5b96760fefec047f25cfc59420a1,0.6897347174163783,109000,170,10601000,,SRS011086.tar.bz2,909f0451,618749000
725000,0.0011717190654045502,0.04678618277219064,0.00017292957241143016,0.00017292957241143016,,,,"GCA_018375675.1 Actinomyces sp., ASM1837567v1",/mnt/HDD/kia/HMP_reference/gtdb-rs207.genomic-reps.dna.k31.zip,849941aa8892af17a00ff43120b4b006,0.3170091823349366,107000,171,10494000,,SRS011086.tar.bz2,909f0451,618749000
727000,0.0011749513938608385,0.05334675390035229,0.00017131340818328595,0.00017131340818328595,,,,"GCA_018367495.1 Veillonella sp., ASM1836749v1",/mnt/HDD/kia/HMP_reference/gtdb-rs207.genomic-reps.dna.k31.zip,d0d875f77dab4196b0a7243b6f1f575e,0.36587820835430296,106000,172,10388000,,SRS011086.tar.bz2,909f0451,618749000
201000,0.0003248490098569856,0.05726634251755808,0.00017131340818328595,0.00017131340818328595,,,,"GCF_004802395.1 Haemophilus influenzae strain=60362_NP_Hi1, ASM480239v1",/mnt/HDD/kia/HMP_reference/gtdb-rs207.genomic-reps.dna.k31.zip,3001a3b11f0b143622a82fdd00b7d83a,0.1085899513776337,106000,173,10282000,,SRS011086.tar.bz2,909f0451,618749000
107000,0.00017292957241143016,0.04631671812968681,0.00016969724395514174,0.00016969724395514174,,,,"GCA_015265235.1 Selenomonas sp., ASM1526523v1",/mnt/HDD/kia/HMP_reference/gtdb-rs207.genomic-reps.dna.k31.zip,d7f5c79e2ddbd9cdb62c1909f0cf6c3a,0.04719894133215704,105000,174,10177000,,SRS011086.tar.bz2,909f0451,618749000
647000,0.001045658255609302,0.047156726768377254,0.00016484875127070913,0.00016484875127070913,,,,"GCF_001074825.1 Streptococcus pseudopneumoniae strain=888_SPSE, ASM107482v1",/mnt/HDD/kia/HMP_reference/gtdb-rs207.genomic-reps.dna.k31.zip,7b372b5dddf1c72f72491e39550fbabd,0.2991215903837263,102000,175,10075000,,SRS011086.tar.bz2,909f0451,618749000
318000,0.0005139402245498578,0.09665071770334928,0.00016323258704256492,0.00016323258704256492,,,,"GCA_900554555.1 uncultured Solobacterium sp., UMGS1737",/mnt/HDD/kia/HMP_reference/gtdb-rs207.genomic-reps.dna.k31.zip,ad8dd0dc00f0977016727acd0c6fa81e,0.3043062200956938,101000,176,9974000,,SRS011086.tar.bz2,909f0451,618749000
861000,0.0013915174004321624,0.049485546300832926,0.00016323258704256492,0.00016323258704256492,,,,"GCA_902363395.1 Streptococcaceae bacterium, MGYG-HGUT-00114",/mnt/HDD/kia/HMP_reference/gtdb-rs207.genomic-reps.dna.k31.zip,28ca770bedf33ed763ca644c4270ffe1,0.4218520333170015,101000,177,9873000,,SRS011086.tar.bz2,909f0451,618749000
1161000,0.0018763666688754244,0.047326076668244205,0.00016161642281442072,0.00016161642281442072,,,,"GCF_003252755.1 Haemophilus parainfluenzae strain=C2006002596, ASM325275v1",/mnt/HDD/kia/HMP_reference/gtdb-rs207.genomic-reps.dna.k31.zip,3e8fd94fed6765b59ed6454114bdcb94,0.5494557501183152,100000,178,9773000,,SRS011086.tar.bz2,909f0451,618749000
133000,0.00021494984234317953,0.052742616033755275,0.00016161642281442072,0.00016161642281442072,,,,"GCF_000413475.1 Streptococcus intermedius SK54 = ATCC 27335 strain=ATCC 27335, Stre_inte_ATCC_27335_V1",/mnt/HDD/kia/HMP_reference/gtdb-rs207.genomic-reps.dna.k31.zip,8c400fa7bd12aa5919450c7e67a01cbf,0.07014767932489452,100000,179,9673000,,SRS011086.tar.bz2,909f0451,618749000
1065000,0.0017212149029735807,0.04987405541561713,0.0001600002585862765,0.0001600002585862765,,,,"GCA_905209685.1 uncultured Veillonella sp., ERR2013587-mag-bin.23",/mnt/HDD/kia/HMP_reference/gtdb-rs207.genomic-reps.dna.k31.zip,df85964bb0a800247eca85495b1024ba,0.5365239294710328,99000,180,9574000,,SRS011086.tar.bz2,909f0451,618749000
794000,0.0012832343971465004,0.057291666666666664,0.0001600002585862765,0.0001600002585862765,,,,"GCF_018499575.1 Streptococcus infantis strain=PA11599CN2, ASM1849957v1",/mnt/HDD/kia/HMP_reference/gtdb-rs207.genomic-reps.dna.k31.zip,c4109a18aa086421635979105be2794a,0.45949074074074076,99000,181,9475000,,SRS011086.tar.bz2,909f0451,618749000
806000,0.001302628367884231,0.04903943377148635,0.0001567679301299881,0.0001567679301299881,,,,"GCF_002913225.1 Campylobacter concisus strain=AAUH-12CDrec-a, ASM291322v1",/mnt/HDD/kia/HMP_reference/gtdb-rs207.genomic-reps.dna.k31.zip,8ead20e7b196a187b6e19e6d4c0838c0,0.4074823053589484,97000,182,9378000,,SRS011086.tar.bz2,909f0451,618749000
892000,0.0014416184915046328,0.06914119359534207,0.00015353560167369969,0.00015353560167369969,,,,"GCA_902373455.1 uncultured Streptococcus sp., MGYG-HGUT-01274",/mnt/HDD/kia/HMP_reference/gtdb-rs207.genomic-reps.dna.k31.zip,c15fa2115857ecb8fd9ff229bb35129a,0.6491994177583698,95000,183,9283000,,SRS011086.tar.bz2,909f0451,618749000
241000,0.0003894955789827539,0.03750997605746209,0.00015191943744555548,0.00015191943744555548,,,,"GCF_000158275.2 Fusobacterium nucleatum subsp. animalis 7_1 strain=7_1, ASM15827v2",/mnt/HDD/kia/HMP_reference/gtdb-rs207.genomic-reps.dna.k31.zip,caec8a9ab55b83745d586cafa31a802f,0.09616919393455706,94000,184,9189000,,SRS011086.tar.bz2,909f0451,618749000
465000,0.0007515163660870563,0.04939569101418812,0.00015191943744555548,0.00015191943744555548,,,,"GCF_001983955.1 Streptococcus oralis strain=S.MIT/ORALIS-351, ASM198395v1",/mnt/HDD/kia/HMP_reference/gtdb-rs207.genomic-reps.dna.k31.zip,167b6be59bf49fa09a7e20226e3d1642,0.2443510246978455,94000,185,9095000,,SRS011086.tar.bz2,909f0451,618749000
485000,0.0007838396506499404,0.07795473595976529,0.00015030327321741125,0.00015030327321741125,,,,"GCA_900555335.1 uncultured Atopobium sp., UMGS1817",/mnt/HDD/kia/HMP_reference/gtdb-rs207.genomic-reps.dna.k31.zip,a307e27436fc54ae4053d7c69c25f643,0.4065381391450126,93000,186,9002000,,SRS011086.tar.bz2,909f0451,618749000
251000,0.000405657221264196,0.036211699164345405,0.00014707094476112284,0.00014707094476112284,,,,"GCF_000238055.2 Oribacterium parvum ACB1 strain=ACB1, Oribacterium_sp_ACB1_V2",/mnt/HDD/kia/HMP_reference/gtdb-rs207.genomic-reps.dna.k31.zip,053fa6953e85ccd281a9397aa65767f7,0.09988062077198567,91000,187,8911000,,SRS011086.tar.bz2,909f0451,618749000
137000,0.00022141449925575638,0.035855003940110326,0.00014707094476112284,0.00014707094476112284,,,,"GCF_000613725.1 Prevotella pleuritidis JCM 14110 strain=JCM 14110, ASM61372v1",/mnt/HDD/kia/HMP_reference/gtdb-rs207.genomic-reps.dna.k31.zip,a357b3587d11b99d6427391a8562554d,0.05397951142631994,91000,188,8820000,,SRS011086.tar.bz2,909f0451,618749000
917000,0.0014820225972082379,0.0455,0.00014707094476112284,0.00014707094476112284,,,,"GCF_001068775.1 Streptococcus pseudopneumoniae strain=1172_SPSE, ASM106877v1",/mnt/HDD/kia/HMP_reference/gtdb-rs207.genomic-reps.dna.k31.zip,ee13bdf5082d8c91bc4a47cd26fbee8b,0.4585,91000,189,8729000,,SRS011086.tar.bz2,909f0451,618749000
402000,0.0006496980197139712,0.04216011369019422,0.00014383861630483442,0.00014383861630483442,,,,"GCF_003045025.1 Neisseria subflava strain=C2014021188, ASM304502v1",/mnt/HDD/kia/HMP_reference/gtdb-rs207.genomic-reps.dna.k31.zip,65d7fb04acb1f76374cf64801da9e55f,0.19043107531975367,89000,190,8640000,,SRS011086.tar.bz2,909f0451,618749000
373000,0.0006028292570977893,0.039532794249775384,0.00014222245207669022,0.00014222245207669022,,,,"GCF_001061665.1 Rothia mucilaginosa strain=141_RMUC, ASM106166v1",/mnt/HDD/kia/HMP_reference/gtdb-rs207.genomic-reps.dna.k31.zip,61e7804a4c5416bc37c9d86f05d379aa,0.16756513926325248,88000,191,8552000,,SRS011086.tar.bz2,909f0451,618749000
238000,0.0003846470862983213,0.13476263399693722,0.00014222245207669022,0.00014222245207669022,,,,"GCA_900555265.1 Candidatus Saccharibacteria bacterium, UMGS1805",/mnt/HDD/kia/HMP_reference/gtdb-rs207.genomic-reps.dna.k31.zip,4a8a75b49d9d42ebf2bdc79b2f6e4a3a,0.36447166921898927,88000,192,8464000,,SRS011086.tar.bz2,909f0451,618749000
440000,0.0007111122603834511,0.03441455696202532,0.000140606287848546,0.000140606287848546,,,,"GCF_000466265.1 Actinomyces sp. oral taxon 172 str. F0311 strain=F0311, ASM46626v1",/mnt/HDD/kia/HMP_reference/gtdb-rs207.genomic-reps.dna.k31.zip,7753e1f4d4d78ec05adbbb608b0c4eec,0.17405063291139242,87000,193,8377000,,SRS011086.tar.bz2,909f0451,618749000
600000,0.0009696985368865242,0.03971631205673759,0.0001357577951641134,0.0001357577951641134,,,,"GCF_000722695.1 Streptococcus mitis strain=SK629, ASM72269v1",/mnt/HDD/kia/HMP_reference/gtdb-rs207.genomic-reps.dna.k31.zip,773259821c27e85c4cd225003d1d1ae2,0.28368794326241137,84000,194,8293000,,SRS011086.tar.bz2,909f0451,618749000
207000,0.00033454599522585084,0.027871054398925454,0.0001341416309359692,0.0001341416309359692,,,,"GCF_000185385.1 Lachnoanaerobaculum saburreum DSM 3986 strain=DSM 3986, ASM18538v1",/mnt/HDD/kia/HMP_reference/gtdb-rs207.genomic-reps.dna.k31.zip,689ea78af752316e46e3e8f658080960,0.06950973807924782,83000,195,8210000,,SRS011086.tar.bz2,909f0451,618749000
84000,0.0001357577951641134,0.02965641952983725,0.00013252546670782498,0.00013252546670782498,,,,"GCF_013410305.1 Corynebacterium durum strain=DSM 45333, ASM1341030v1",/mnt/HDD/kia/HMP_reference/gtdb-rs207.genomic-reps.dna.k31.zip,bb2dbb46a577f5244bb32a0d740b2c37,0.030379746835443037,82000,196,8128000,,SRS011086.tar.bz2,909f0451,618749000
1120000,0.001810103935521512,0.039786511402231925,0.00013252546670782498,0.00013252546670782498,,,,"GCF_001679485.1 Haemophilus sp. CCUG 60358 strain=CCUG 60358, ASM167948v1",/mnt/HDD/kia/HMP_reference/gtdb-rs207.genomic-reps.dna.k31.zip,b62e96270f704e462d52d4757cb76ced,0.5434255215914604,82000,197,8046000,,SRS011086.tar.bz2,909f0451,618749000
381000,0.0006157585709229429,0.04235044997353097,0.00012929313825153657,0.00012929313825153657,,,,"GCF_004127215.1 Streptococcus oralis strain=NU43, ASM412721v1",/mnt/HDD/kia/HMP_reference/gtdb-rs207.genomic-reps.dna.k31.zip,610acd0e94b15be964d4e54893531ee8,0.20169401799894124,80000,198,7966000,,SRS011086.tar.bz2,909f0451,618749000
877000,0.0014173760280824696,0.04647058823529412,0.00012767697402339237,0.00012767697402339237,,,,"GCF_000960085.1 Streptococcus infantis strain=UC921A, ASM96008v1",/mnt/HDD/kia/HMP_reference/gtdb-rs207.genomic-reps.dna.k31.zip,794c86c1ab24607b732b961c968f163c,0.5158823529411765,79000,199,7887000,,SRS011086.tar.bz2,909f0451,618749000
430000,0.0006949506181020091,0.026413816457839485,0.00012606080979524816,0.00012606080979524816,,,,"GCF_003609775.1 Prevotella melaninogenica strain=GAI 07411, ASM360977v1",/mnt/HDD/kia/HMP_reference/gtdb-rs207.genomic-reps.dna.k31.zip,0aa1f4b61bd3b56330fe81557f551524,0.14561462919065357,78000,200,7809000,,SRS011086.tar.bz2,909f0451,618749000
829000,0.0013398001451315478,0.04058272632674298,0.00012606080979524816,0.00012606080979524816,,,,"GCF_002913745.1 Campylobacter concisus strain=AAUH-20UCf, ASM291374v1",/mnt/HDD/kia/HMP_reference/gtdb-rs207.genomic-reps.dna.k31.zip,407b519d4b7f9ca636ceade6f2bc1690,0.43132154006243495,78000,201,7731000,,SRS011086.tar.bz2,909f0451,618749000
193000,0.00031191969603183196,0.03414634146341464,0.00012444464556710395,0.00012444464556710395,,,,"GCF_003943465.1 Streptococcus cristatus strain=A53, ASM394346v1",/mnt/HDD/kia/HMP_reference/gtdb-rs207.genomic-reps.dna.k31.zip,c49ff74e805cf777e262f6ae1af3500f,0.08558758314855876,77000,202,7654000,,SRS011086.tar.bz2,909f0451,618749000
547000,0.0008840418327948812,0.03563165201295696,0.00012444464556710395,0.00012444464556710395,,,,"GCF_004785935.1 Streptococcus rubneri strain=DSM 26920, ASM478593v1",/mnt/HDD/kia/HMP_reference/gtdb-rs207.genomic-reps.dna.k31.zip,87394cf55b205f98075b0d8888090665,0.25312355391022673,77000,203,7577000,,SRS011086.tar.bz2,909f0451,618749000
110000,0.00017777806509586277,0.02888635499809958,0.00012282848133895975,0.00012282848133895975,,,,"GCF_000318095.2 Prevotella sp. oral taxon 473 str. F0040 strain=F0040, ASM31809v2",/mnt/HDD/kia/HMP_reference/gtdb-rs207.genomic-reps.dna.k31.zip,11690a09ff48094e5a4eb7015e642776,0.04180919802356518,76000,204,7501000,,SRS011086.tar.bz2,909f0451,618749000
960000,0.0015515176590184389,0.03873598369011213,0.00012282848133895975,0.00012282848133895975,,,,"GCF_009496285.1 Streptococcus mitis strain=SM16, ASM949628v1",/mnt/HDD/kia/HMP_reference/gtdb-rs207.genomic-reps.dna.k31.zip,377f8f3ff29d57edd0d1458d46f43500,0.4892966360856269,76000,205,7425000,,SRS011086.tar.bz2,909f0451,618749000
793000,0.0012816182329183563,0.040619989310529125,0.00012282848133895975,0.00012282848133895975,,,,"GCA_900550175.1 uncultured Veillonella sp., UMGS1259",/mnt/HDD/kia/HMP_reference/gtdb-rs207.genomic-reps.dna.k31.zip,0e01aec9c03dde74a67fe30bb0ec9889,0.4238375200427579,76000,206,7349000,,SRS011086.tar.bz2,909f0451,618749000
624000,0.0010084864783619853,0.037783375314861464,0.00012121231711081553,0.00012121231711081553,,,,"GCF_002096815.1 Streptococcus mitis strain=RH_12363_08, ASM209681v1",/mnt/HDD/kia/HMP_reference/gtdb-rs207.genomic-reps.dna.k31.zip,9c574e1a1c4f2ba99bf1d84952ca9e5c,0.31435768261964736,75000,207,7274000,,SRS011086.tar.bz2,909f0451,618749000
488000,0.0007886881433343731,0.024907438572871088,0.00011959615288267132,0.00011959615288267132,,,,"GCF_003862475.1 Lachnoanaerobaculum gingivalis strain=KCOM 2030, ASM386247v1",/mnt/HDD/kia/HMP_reference/gtdb-rs207.genomic-reps.dna.k31.zip,736901e69d2f50efaecee062c1d47d3a,0.16425445977785258,74000,208,7200000,,SRS011086.tar.bz2,909f0451,618749000
293000,0.0004735361188462527,0.034227567067530065,0.00011959615288267132,0.00011959615288267132,,,,"GCA_001578795.1 Streptococcus gordonii strain=DD07, ASM157879v1",/mnt/HDD/kia/HMP_reference/gtdb-rs207.genomic-reps.dna.k31.zip,cece33bbf244e7f54ca5ee92b0a8bce5,0.13552266419981499,74000,209,7126000,,SRS011086.tar.bz2,909f0451,618749000
162000,0.00026181860495936156,0.024754153950491693,0.00011797998865452712,0.00011797998865452712,,,,"GCF_000599605.1 Prevotella sp. HJM029 strain=HJM029, HJM029",/mnt/HDD/kia/HMP_reference/gtdb-rs207.genomic-reps.dna.k31.zip,ab8f9c85a3098c70e9af1a8b971c887b,0.054933875890132246,73000,210,7053000,,SRS011086.tar.bz2,909f0451,618749000
475000,0.0007676780083684983,0.06521739130434782,0.00011636382442638291,0.00011636382442638291,,,,"GCA_015259035.1 Atopobium sp., ASM1525903v1",/mnt/HDD/kia/HMP_reference/gtdb-rs207.genomic-reps.dna.k31.zip,576d3daf8400f7f47b036e8549a7c3e7,0.4302536231884058,72000,211,6981000,,SRS011086.tar.bz2,909f0451,618749000
789000,0.0012751535760057793,0.03616273229532898,0.00011636382442638291,0.00011636382442638291,,,,"GCF_003048835.2 Campylobacter concisus strain=P13UCO-S1, ASM304883v2",/mnt/HDD/kia/HMP_reference/gtdb-rs207.genomic-reps.dna.k31.zip,cc8ca34e9cd94009ae64952baea25a63,0.3962832747363134,72000,212,6909000,,SRS011086.tar.bz2,909f0451,618749000
123000,0.00019878820006173748,0.11716171617161716,0.0001147476601982387,0.0001147476601982387,,,,"GCA_007845165.1 TM7 phylum sp. oral taxon 351 strain=TM7_HOT_351-SAG3, ASM784516v1",/mnt/HDD/kia/HMP_reference/gtdb-rs207.genomic-reps.dna.k31.zip,029de670e618e10bef3e02efeb19cd45,0.20297029702970298,71000,213,6838000,,SRS011086.tar.bz2,909f0451,618749000
397000,0.0006416171985732502,0.025858884373845585,0.0001131314959700945,0.0001131314959700945,,,,"GCF_002573625.1 Fusobacterium nucleatum subsp. polymorphum strain=KCOM 1232 (= ChDC F37), ASM257362v1",/mnt/HDD/kia/HMP_reference/gtdb-rs207.genomic-reps.dna.k31.zip,53c87a8f5c961c5d0348e6c4c5014440,0.14665681566309569,70000,214,6768000,,SRS011086.tar.bz2,909f0451,618749000
489000,0.0007903043075625173,0.036401456058242326,0.0001131314959700945,0.0001131314959700945,,,,"GCF_003143695.2 Streptococcus halitosis strain=VT-4, ASM314369v2",/mnt/HDD/kia/HMP_reference/gtdb-rs207.genomic-reps.dna.k31.zip,c9c55ed950e16940e8ed5e97ad9dec33,0.2542901716068643,70000,215,6698000,,SRS011086.tar.bz2,909f0451,618749000
898000,0.001451315476873498,0.03173164097914778,0.0001131314959700945,0.0001131314959700945,,,,"GCA_018381425.1 Haemophilus parainfluenzae, ASM1838142v1",/mnt/HDD/kia/HMP_reference/gtdb-rs207.genomic-reps.dna.k31.zip,02224e75150b4f44f5537f6f14b4cffb,0.4070716228467815,70000,216,6628000,,SRS011086.tar.bz2,909f0451,618749000
457000,0.0007385870522619027,0.02956298200514139,0.0001115153317419503,0.0001115153317419503,,,,"GCF_003943735.1 Streptococcus sanguinis strain=BCC04, ASM394373v1",/mnt/HDD/kia/HMP_reference/gtdb-rs207.genomic-reps.dna.k31.zip,87a5d63009b23fe1b6c8cef35c55f8f6,0.1958011996572408,69000,217,6559000,,SRS011086.tar.bz2,909f0451,618749000
72000,0.00011636382442638291,0.022534291312867407,0.0001115153317419503,0.0001115153317419503,,,,"GCF_900637555.1 Lautropia mirabilis strain=NCTC12852, 51726_E01",/mnt/HDD/kia/HMP_reference/gtdb-rs207.genomic-reps.dna.k31.zip,5bb167c321b3d5ddc328e1d5bcda4a1e,0.023514043109079032,69000,218,6490000,,SRS011086.tar.bz2,909f0451,618749000
679000,0.0010973755109099166,0.02767134951042997,0.00010505067482937346,0.00010505067482937346,,,,"GCF_001064145.1 Sanguibacter keddieii strain=250_SKED, ASM106414v1",/mnt/HDD/kia/HMP_reference/gtdb-rs207.genomic-reps.dna.k31.zip,4279dc09ffeb01eec5578e523297089a,0.2890591741166454,65000,219,6425000,,SRS011086.tar.bz2,909f0451,618749000
692000,0.0011183856458757914,0.030631479736098022,0.00010505067482937346,0.00010505067482937346,,,,"GCF_002005545.1 Streptococcus mitis strain=321A, ASM200554v1",/mnt/HDD/kia/HMP_reference/gtdb-rs207.genomic-reps.dna.k31.zip,e3ab80647e9a895b8f2118caf2372c64,0.32610744580584355,65000,220,6360000,,SRS011086.tar.bz2,909f0451,618749000
1119000,0.0018084877712933678,0.03152279340446169,0.00010505067482937346,0.00010505067482937346,,,,"GCF_001808705.1 Streptococcus sp. HMSC074B11 strain=HMSC074B11, ASM180870v1",/mnt/HDD/kia/HMP_reference/gtdb-rs207.genomic-reps.dna.k31.zip,b88b36638de6432c696ff4ad20d95e90,0.5426770126091174,65000,221,6295000,,SRS011086.tar.bz2,909f0451,618749000
1027000,0.0016598006623041008,0.03427959292983396,0.00010343451060122925,0.00010343451060122925,,,,"GCA_900756875.1 Pasteurellaceae bacterium, ERS537260_13",/mnt/HDD/kia/HMP_reference/gtdb-rs207.genomic-reps.dna.k31.zip,1cdc657d4ab1ecaed4f941cb864ad272,0.5500803427959293,64000,222,6231000,,SRS011086.tar.bz2,909f0451,618749000
300000,0.0004848492684432621,0.029045643153526972,0.00010181834637308505,0.00010181834637308505,,,,"GCF_008327825.1 Leptotrichia shahii strain=JCM16776, ASM832782v1",/mnt/HDD/kia/HMP_reference/gtdb-rs207.genomic-reps.dna.k31.zip,723b291cd17c0327e0293402a2ba7673,0.13831258644536654,63000,223,6168000,,SRS011086.tar.bz2,909f0451,618749000
173000,0.00027959641146894785,0.035633484162895926,0.00010181834637308505,0.00010181834637308505,,,,"GCA_013333875.2 Flavobacteriaceae bacterium, ASM1333387v2",/mnt/HDD/kia/HMP_reference/gtdb-rs207.genomic-reps.dna.k31.zip,8f3e9528ce12c678e28a195f4531dc1b,0.09785067873303167,63000,224,6105000,,SRS011086.tar.bz2,909f0451,618749000
646000,0.0010440420913811579,0.034140969162995596,0.00010020218214494084,0.00010020218214494084,,,,"GCF_900095845.1 Streptococcus timonensis strain=Marseille-P2915, PRJEB15309",/mnt/HDD/kia/HMP_reference/gtdb-rs207.genomic-reps.dna.k31.zip,611d4d53dd45713dfc75c32bd8284ab9,0.355726872246696,62000,225,6043000,,SRS011086.tar.bz2,909f0451,618749000
104000,0.00016808107972699754,0.018230723251643755,9.858601791679663e-05,9.858601791679663e-05,,,,"GCF_000378085.1 Prevotella loescheii DSM 19665 = JCM 12249 = ATCC 15930 strain=DSM 19665, ASM37808v1",/mnt/HDD/kia/HMP_reference/gtdb-rs207.genomic-reps.dna.k31.zip,fd92e238c0730d8f5c22d105a379dd5f,0.031081888822474597,61000,226,5982000,,SRS011086.tar.bz2,909f0451,618749000
390000,0.0006303040489762407,0.0294543698696282,9.858601791679663e-05,9.858601791679663e-05,,,,"GCF_000235465.1 Fusobacterium sp. oral taxon 370 str. F0437 strain=F0437, ASM23546v1",/mnt/HDD/kia/HMP_reference/gtdb-rs207.genomic-reps.dna.k31.zip,0ee9ff635541895e7e62b46e5920f96d,0.1883148237566393,61000,227,5921000,,SRS011086.tar.bz2,909f0451,618749000
253000,0.0004088895497204844,0.01972386587771203,9.696985368865243e-05,9.696985368865243e-05,,,,"GCF_000614025.1 Prevotella aurantiaca JCM 15754 strain=JCM 15754, ASM61402v1",/mnt/HDD/kia/HMP_reference/gtdb-rs207.genomic-reps.dna.k31.zip,b572aa9dc2551bd8c03cb87e3840f7d8,0.0831689677843524,60000,228,5861000,,SRS011086.tar.bz2,909f0451,618749000
198000,0.000320000517172553,0.10309278350515463,9.696985368865243e-05,9.696985368865243e-05,,,,"GCA_007845355.1 TM7 phylum sp. oral taxon 352 strain=TM7_HOT_352-SAG3, ASM784535v1",/mnt/HDD/kia/HMP_reference/gtdb-rs207.genomic-reps.dna.k31.zip,59550fa3fa6c642d06c01a46226e0a34,0.3402061855670103,60000,229,5801000,,SRS011086.tar.bz2,909f0451,618749000
733000,0.0011846483792297038,0.029309488325881768,9.535368946050822e-05,9.535368946050822e-05,,,,"GCF_900638025.1 Haemophilus parainfluenzae strain=NCTC10665, 55312_D01",/mnt/HDD/kia/HMP_reference/gtdb-rs207.genomic-reps.dna.k31.zip,67e2ddaafd7cdfb7489d58524eaaf7ed,0.3641331346249379,59000,230,5742000,,SRS011086.tar.bz2,909f0451,618749000
628000,0.001014951135274562,0.031995661605206074,9.535368946050822e-05,9.535368946050822e-05,,,,"GCF_002096835.1 Streptococcus mitis strain=RH_43861_09, ASM209683v1",/mnt/HDD/kia/HMP_reference/gtdb-rs207.genomic-reps.dna.k31.zip,6dc1216e25346e32009c890377b62aa4,0.3405639913232104,59000,231,5683000,,SRS011086.tar.bz2,909f0451,618749000
508000,0.0008210114278972572,0.022665103556076593,9.373752523236402e-05,9.373752523236402e-05,,,,"GCA_900757715.1 uncultured Veillonella sp., ERS537359_13",/mnt/HDD/kia/HMP_reference/gtdb-rs207.genomic-reps.dna.k31.zip,1c3ea5fbf00ea2a5dc8cb8d21cd793e8,0.19851504493942945,58000,232,5625000,,SRS011086.tar.bz2,909f0451,618749000
654000,0.0010569714052063115,0.02882703777335984,9.373752523236402e-05,9.373752523236402e-05,,,,"GCF_003627135.1 Streptococcus koreensis strain=KCOM 2890 (=JS71), ASM362713v1",/mnt/HDD/kia/HMP_reference/gtdb-rs207.genomic-reps.dna.k31.zip,88aec83b86b930750b66f12ed8985328,0.3250497017892644,58000,233,5567000,,SRS011086.tar.bz2,909f0451,618749000
787000,0.001271921247549491,0.02621895124195032,9.21213610042198e-05,9.21213610042198e-05,,,,"GCF_901875555.1 Streptococcus parasanguinis, Streptococcus_parasanguinis_BgEED34",/mnt/HDD/kia/HMP_reference/gtdb-rs207.genomic-reps.dna.k31.zip,fbc4284db274751545f4865d9ead9a6b,0.3620055197792088,57000,234,5510000,,SRS011086.tar.bz2,909f0451,618749000
415000,0.000670708154679846,0.017582417582417582,9.050519677607559e-05,9.050519677607559e-05,,,,"GCF_018127785.1 Prevotella scopos JCM 17725 strain=W2052, ASM1812778v1",/mnt/HDD/kia/HMP_reference/gtdb-rs207.genomic-reps.dna.k31.zip,6a4cd333b22b8dc71d2bab8cbbfd6038,0.130298273155416,56000,235,5454000,,SRS011086.tar.bz2,909f0451,618749000
167000,0.0002698994261000826,0.018773047267851155,9.050519677607559e-05,9.050519677607559e-05,,,,"GCF_001553935.1 Actinomyces oris strain=T14V, ASM155393v1",/mnt/HDD/kia/HMP_reference/gtdb-rs207.genomic-reps.dna.k31.zip,b8fe439206f0708f15356748b7021bc7,0.055983908816627556,56000,236,5398000,,SRS011086.tar.bz2,909f0451,618749000
692000,0.0011183856458757914,0.024752475247524754,8.888903254793139e-05,8.888903254793139e-05,,,,"GCA_018382595.1 Actinomyces sp., ASM1838259v1",/mnt/HDD/kia/HMP_reference/gtdb-rs207.genomic-reps.dna.k31.zip,e426c6cc8fd308441cee112035a2f42a,0.3114311431143114,55000,237,5343000,,SRS011086.tar.bz2,909f0451,618749000
467000,0.0007547486945433447,0.02832131822863028,8.888903254793139e-05,8.888903254793139e-05,,,,"GCF_002096445.1 Streptococcus oralis subsp. oralis strain=RH_57980_07, ASM209644v1",/mnt/HDD/kia/HMP_reference/gtdb-rs207.genomic-reps.dna.k31.zip,65ac415aa2450ea982ad7c1809bb5ef7,0.24047373841400618,55000,238,5288000,,SRS011086.tar.bz2,909f0451,618749000
983000,0.0015886894362657556,0.03349573690621194,8.888903254793139e-05,8.888903254793139e-05,,,,"GCA_905214375.1 uncultured bacterium, ERR1600749-mag-bin.20",/mnt/HDD/kia/HMP_reference/gtdb-rs207.genomic-reps.dna.k31.zip,0eb9b6daf76556981978d3d2a16c626b,0.5986601705237515,55000,239,5233000,,SRS011086.tar.bz2,909f0451,618749000
440000,0.0007111122603834511,0.02466367713004484,8.888903254793139e-05,8.888903254793139e-05,,,,"GCF_003351665.1 Neisseria subflava strain=M18660, ASM335166v1",/mnt/HDD/kia/HMP_reference/gtdb-rs207.genomic-reps.dna.k31.zip,516c882cbc8170614a6d64de4ff4fba1,0.19730941704035873,55000,240,5178000,,SRS011086.tar.bz2,909f0451,618749000
252000,0.0004072733854923402,0.02672497570456754,8.888903254793139e-05,8.888903254793139e-05,,,,"GCF_018128225.1 Leptotrichia sp. oral taxon 218 strain=F0707, ASM1812822v1",/mnt/HDD/kia/HMP_reference/gtdb-rs207.genomic-reps.dna.k31.zip,b4217d2f43218050ed94785c26a56f9f,0.12244897959183673,55000,241,5123000,,SRS011086.tar.bz2,909f0451,618749000
478000,0.000772526501052931,0.049019607843137254,8.888903254793139e-05,8.888903254793139e-05,,,,"GCA_015258605.1 Atopobium sp., ASM1525860v1",/mnt/HDD/kia/HMP_reference/gtdb-rs207.genomic-reps.dna.k31.zip,2303668e2f0fa42c7063caaa97975cd4,0.42602495543672014,55000,242,5068000,,SRS011086.tar.bz2,909f0451,618749000
646000,0.0010440420913811579,0.025127966496044672,8.727286831978718e-05,8.727286831978718e-05,,,,"GCF_009496155.1 Streptococcus mitis strain=SM10, ASM949615v1",/mnt/HDD/kia/HMP_reference/gtdb-rs207.genomic-reps.dna.k31.zip,ed8db3362bef6e97d5d22ada01346908,0.30060493252675663,54000,243,5014000,,SRS011086.tar.bz2,909f0451,618749000
166000,0.0002682832618719384,0.025423728813559324,8.727286831978718e-05,8.727286831978718e-05,,,,"GCA_002871655.1 Streptococcus sp. UMB1385 strain=UMB1385, ASM287165v1",/mnt/HDD/kia/HMP_reference/gtdb-rs207.genomic-reps.dna.k31.zip,886ed5d8e4351ce23bc7af9c075422a7,0.07815442561205273,54000,244,4960000,,SRS011086.tar.bz2,909f0451,618749000
246000,0.00039757640012347495,0.023306948109058926,8.565670409164297e-05,8.565670409164297e-05,,,,"GCF_000425005.1 Solobacterium moorei DSM 22971 strain=DSM 22971, ASM42500v1",/mnt/HDD/kia/HMP_reference/gtdb-rs207.genomic-reps.dna.k31.zip,5ed42096c336ced5adaf7a1dbd763aa9,0.10817941952506596,53000,245,4907000,,SRS011086.tar.bz2,909f0451,618749000
392000,0.0006335363774325292,0.024036281179138322,8.565670409164297e-05,8.565670409164297e-05,,,,"GCF_000212815.1 Streptococcus sanguinis SK49 strain=SK49, ASM21281v1",/mnt/HDD/kia/HMP_reference/gtdb-rs207.genomic-reps.dna.k31.zip,a512d59b4684bd9f842de51327966de2,0.17777777777777778,53000,246,4854000,,SRS011086.tar.bz2,909f0451,618749000
798000,0.0012896990540590774,0.02617283950617284,8.565670409164297e-05,8.565670409164297e-05,,,,"GCF_001814775.1 Streptococcus sp. HMSC067H01 strain=HMSC067H01, ASM181477v1",/mnt/HDD/kia/HMP_reference/gtdb-rs207.genomic-reps.dna.k31.zip,c4de9593fe084ef40222acf71c319e42,0.3940740740740741,53000,247,4801000,,SRS011086.tar.bz2,909f0451,618749000
228000,0.0003684854440168792,0.08255451713395638,8.565670409164297e-05,8.565670409164297e-05,,,,"GCA_900555675.1 Candidatus Saccharibacteria bacterium, UMGS1848",/mnt/HDD/kia/HMP_reference/gtdb-rs207.genomic-reps.dna.k31.zip,48a323b6e12163837ff0b2892a01bee2,0.35514018691588783,53000,248,4748000,,SRS011086.tar.bz2,909f0451,618749000
97000,0.0001567679301299881,0.02709744658676394,8.404053986349877e-05,8.404053986349877e-05,,,,"GCF_017798005.1 Aggregatibacter sp. 2125159857 strain=2125159857, ASM1779800v1",/mnt/HDD/kia/HMP_reference/gtdb-rs207.genomic-reps.dna.k31.zip,a6cb5ced97da49defb44be62d894d9ab,0.05054715997915581,52000,249,4696000,,SRS011086.tar.bz2,909f0451,618749000
726000,0.0011733352296326943,0.024096385542168676,8.080821140721036e-05,8.080821140721036e-05,,,,"GCF_000186465.1 Streptococcus australis ATCC 700641 strain=ATCC 700641, ASM18646v1",/mnt/HDD/kia/HMP_reference/gtdb-rs207.genomic-reps.dna.k31.zip,fcab55f6acaff93e747f21f92f4bfb90,0.3498795180722892,50000,250,4646000,,SRS011086.tar.bz2,909f0451,618749000
